ticker,horizon,arm,qlike
ABT,5,A_ohlcv,0.9273460170092622
ABT,5,C_sentiment,0.921873131637044
ABT,5,frozen_rolling,0.8565902055711327
ABT,10,A_ohlcv,0.6173187506881322
ABT,10,C_sentiment,0.6073081604516117
ABT,10,frozen_rolling,0.6142559140439645
ABT,20,A_ohlcv,0.38196755298667795
ABT,20,C_sentiment,0.3817744905659202
ABT,20,frozen_rolling,0.419225756952002
ADBE,5,A_ohlcv,0.5356696693656536
ADBE,5,C_sentiment,0.4985594419039284
ADBE,5,frozen_rolling,0.35827978014213413
ADBE,10,A_ohlcv,0.2481305732986307
ADBE,10,C_sentiment,0.21139753714337328
ADBE,10,frozen_rolling,0.16501685489295376
ADBE,20,A_ohlcv,0.1450465132192811
ADBE,20,C_sentiment,0.13030614442252272
ADBE,20,frozen_rolling,0.0920942813517502
AEP,5,A_ohlcv,0.5043203000701284
AEP,5,C_sentiment,0.47816370987747586
AEP,5,frozen_rolling,0.4078671631107298
AEP,10,A_ohlcv,0.35467811384285924
AEP,10,C_sentiment,0.31177796064643865
AEP,10,frozen_rolling,0.23654975757362598
AEP,20,A_ohlcv,0.18572525034003237
AEP,20,C_sentiment,0.15525980107068046
AEP,20,frozen_rolling,0.1273168355124752
AMD,5,A_ohlcv,1.1084493009584244
AMD,5,C_sentiment,1.113759061171521
AMD,5,frozen_rolling,0.6995729213693903
AMD,10,A_ohlcv,0.8269736561407288
AMD,10,C_sentiment,0.8263060156737553
AMD,10,frozen_rolling,0.506787673206223
AMD,20,A_ohlcv,0.5858379280194508
AMD,20,C_sentiment,0.5894040168519494
AMD,20,frozen_rolling,0.36707795150134326
AXP,5,A_ohlcv,0.5948241082106773
AXP,5,C_sentiment,0.5891980696128423
AXP,5,frozen_rolling,0.5649410317760909
AXP,10,A_ohlcv,0.40141866956788097
AXP,10,C_sentiment,0.3991642347980888
AXP,10,frozen_rolling,0.38428564780969354
AXP,20,A_ohlcv,0.23688892203048376
AXP,20,C_sentiment,0.22790572284155788
AXP,20,frozen_rolling,0.22078953210516203
BAC,5,A_ohlcv,0.3085145221553432
BAC,5,C_sentiment,0.3182224925795047
BAC,5,frozen_rolling,0.3247603263847953
BAC,10,A_ohlcv,0.1610654342675298
BAC,10,C_sentiment,0.15546505227481533
BAC,10,frozen_rolling,0.20572532222570536
BAC,20,A_ohlcv,0.12063733742371362
BAC,20,C_sentiment,0.11311140226274513
BAC,20,frozen_rolling,0.14081975771167038
CAT,5,A_ohlcv,1.0672218255742094
CAT,5,C_sentiment,1.11258178638247
CAT,5,frozen_rolling,0.4246432732103902
CAT,10,A_ohlcv,0.7586593479387097
CAT,10,C_sentiment,0.7681807937070613
CAT,10,frozen_rolling,0.2810386237662123
CAT,20,A_ohlcv,0.6303737022346547
CAT,20,C_sentiment,0.6409666032002267
CAT,20,frozen_rolling,0.20872401906389526
COP,5,A_ohlcv,0.38537796701757554
COP,5,C_sentiment,0.36669783647110527
COP,5,frozen_rolling,0.24667639407423878
COP,10,A_ohlcv,0.18157424735401168
COP,10,C_sentiment,0.17870765417708406
COP,10,frozen_rolling,0.13095840651506996
COP,20,A_ohlcv,0.14190305269557332
COP,20,C_sentiment,0.13666904248325226
COP,20,frozen_rolling,0.09069969703403798
COST,5,A_ohlcv,0.4298864096892746
COST,5,C_sentiment,0.39127643449127575
COST,5,frozen_rolling,0.3214233014199876
COST,10,A_ohlcv,0.21677119564416483
COST,10,C_sentiment,0.20293082054391803
COST,10,frozen_rolling,0.17710674710059857
COST,20,A_ohlcv,0.1257403871341931
COST,20,C_sentiment,0.11461928724073803
COST,20,frozen_rolling,0.10934365580434141
CSCO,5,A_ohlcv,1.2772685748629444
CSCO,5,C_sentiment,1.1703800414345122
CSCO,5,frozen_rolling,0.7370399160830684
CSCO,10,A_ohlcv,1.1045602569749704
CSCO,10,C_sentiment,1.0256264427170578
CSCO,10,frozen_rolling,0.560661091937863
CSCO,20,A_ohlcv,0.8708406233209421
CSCO,20,C_sentiment,0.8121538053303439
CSCO,20,frozen_rolling,0.4356847232973585
CVX,5,A_ohlcv,0.4117416957639602
CVX,5,C_sentiment,0.41074887774395846
CVX,5,frozen_rolling,0.31745785534813314
CVX,10,A_ohlcv,0.20696916634021595
CVX,10,C_sentiment,0.2021850643491686
CVX,10,frozen_rolling,0.17743345605337404
CVX,20,A_ohlcv,0.07545242689672463
CVX,20,C_sentiment,0.07613525603853234
CVX,20,frozen_rolling,0.1137732845781328
DE,5,A_ohlcv,0.722902249239298
DE,5,C_sentiment,0.7053511029605256
DE,5,frozen_rolling,0.5415609266146597
DE,10,A_ohlcv,0.39088976064491565
DE,10,C_sentiment,0.39931312258665824
DE,10,frozen_rolling,0.34512949703553314
DE,20,A_ohlcv,0.2527801291456411
DE,20,C_sentiment,0.23796717880074256
DE,20,frozen_rolling,0.2335950680955906
DIS,5,A_ohlcv,0.5656909104903948
DIS,5,C_sentiment,0.6287904108866018
DIS,5,frozen_rolling,0.6071686871378095
DIS,10,A_ohlcv,0.35483338996845437
DIS,10,C_sentiment,0.36914629791006265
DIS,10,frozen_rolling,0.47299894594349334
DIS,20,A_ohlcv,0.2301147823260245
DIS,20,C_sentiment,0.2358176098881762
DIS,20,frozen_rolling,0.354145353500191
EOG,5,A_ohlcv,0.3621935134076728
EOG,5,C_sentiment,0.33839318846727423
EOG,5,frozen_rolling,0.31720631053267423
EOG,10,A_ohlcv,0.21828807507357328
EOG,10,C_sentiment,0.20708380745180474
EOG,10,frozen_rolling,0.16392415490833945
EOG,20,A_ohlcv,0.152669998624653
EOG,20,C_sentiment,0.1401454310994432
EOG,20,frozen_rolling,0.10761672673693501
GILD,5,A_ohlcv,0.5561715370563768
GILD,5,C_sentiment,0.5370541599187008
GILD,5,frozen_rolling,0.3425833513548844
GILD,10,A_ohlcv,0.27161249204584437
GILD,10,C_sentiment,0.28502905680841445
GILD,10,frozen_rolling,0.19073312323397185
GILD,20,A_ohlcv,0.19312929500584958
GILD,20,C_sentiment,0.19705088272973023
GILD,20,frozen_rolling,0.13851833900538826
GS,5,A_ohlcv,0.6328008948704907
GS,5,C_sentiment,0.6332128533667752
GS,5,frozen_rolling,0.33791928832915
GS,10,A_ohlcv,0.3356083942958738
GS,10,C_sentiment,0.34986238045801615
GS,10,frozen_rolling,0.18911965334226719
GS,20,A_ohlcv,0.20345879559810126
GS,20,C_sentiment,0.23104705010427115
GS,20,frozen_rolling,0.13702654600174033
HD,5,A_ohlcv,0.45783439949521915
HD,5,C_sentiment,0.48767931504685047
HD,5,frozen_rolling,0.3739212385588022
HD,10,A_ohlcv,0.2497920055493434
HD,10,C_sentiment,0.25395322516796176
HD,10,frozen_rolling,0.23292896061334037
HD,20,A_ohlcv,0.16138675057247098
HD,20,C_sentiment,0.1534897482677242
HD,20,frozen_rolling,0.15884160064280292
HON,5,A_ohlcv,0.7763213799822686
HON,5,C_sentiment,0.7583976479422784
HON,5,frozen_rolling,0.5894024970827768
HON,10,A_ohlcv,0.45948626955619043
HON,10,C_sentiment,0.4240043998965317
HON,10,frozen_rolling,0.3758379382386972
HON,20,A_ohlcv,0.2904435117193641
HON,20,C_sentiment,0.2699921757084851
HON,20,frozen_rolling,0.23280861880644668
IBM,5,A_ohlcv,2.1469943599995194
IBM,5,C_sentiment,2.4498269110195308
IBM,5,frozen_rolling,0.947591237250595
IBM,10,A_ohlcv,1.5588555591182571
IBM,10,C_sentiment,1.7401440716090968
IBM,10,frozen_rolling,0.7135364105539145
IBM,20,A_ohlcv,1.4459474890160975
IBM,20,C_sentiment,1.629123601438153
IBM,20,frozen_rolling,0.5136662130592549
JNJ,5,A_ohlcv,0.618528752551684
JNJ,5,C_sentiment,0.608497332729869
JNJ,5,frozen_rolling,0.43693742367865146
JNJ,10,A_ohlcv,0.3906663477484268
JNJ,10,C_sentiment,0.3720226424478224
JNJ,10,frozen_rolling,0.2972946726140901
JNJ,20,A_ohlcv,0.2877594194904334
JNJ,20,C_sentiment,0.25799282566473414
JNJ,20,frozen_rolling,0.19936806337905502
JPM,5,A_ohlcv,0.4144005707579448
JPM,5,C_sentiment,0.41870208931014125
JPM,5,frozen_rolling,0.30663318187527644
JPM,10,A_ohlcv,0.22872220777573699
JPM,10,C_sentiment,0.23346081502379584
JPM,10,frozen_rolling,0.18175424827467362
JPM,20,A_ohlcv,0.10123688386719192
JPM,20,C_sentiment,0.10794046270814052
JPM,20,frozen_rolling,0.09997016629996897
KO,5,A_ohlcv,0.6376376752306484
KO,5,C_sentiment,0.6252106717067415
KO,5,frozen_rolling,0.35051201635011975
KO,10,A_ohlcv,0.4428279139043887
KO,10,C_sentiment,0.41530306255928034
KO,10,frozen_rolling,0.190052632804167
KO,20,A_ohlcv,0.28497637718723917
KO,20,C_sentiment,0.2828191072261892
KO,20,frozen_rolling,0.12582040587653234
LMT,5,A_ohlcv,1.2730105951101396
LMT,5,C_sentiment,1.3049355615393894
LMT,5,frozen_rolling,0.7578300800560122
LMT,10,A_ohlcv,0.9957793067849671
LMT,10,C_sentiment,1.024827071185043
LMT,10,frozen_rolling,0.5287173910042106
LMT,20,A_ohlcv,0.6396541438761607
LMT,20,C_sentiment,0.6286947358562092
LMT,20,frozen_rolling,0.362934994249657
MCD,5,A_ohlcv,0.36728465133629157
MCD,5,C_sentiment,0.36439888380715957
MCD,5,frozen_rolling,0.27010565675267023
MCD,10,A_ohlcv,0.21348878309564298
MCD,10,C_sentiment,0.2003999581965705
MCD,10,frozen_rolling,0.15570183744103092
MCD,20,A_ohlcv,0.15148626762493445
MCD,20,C_sentiment,0.13784462801729572
MCD,20,frozen_rolling,0.10962138623889014
MRK,5,A_ohlcv,0.8012457382129955
MRK,5,C_sentiment,0.8572434891824599
MRK,5,frozen_rolling,0.40373246966690085
MRK,10,A_ohlcv,0.6175381028944337
MRK,10,C_sentiment,0.639611912572099
MRK,10,frozen_rolling,0.24863262462379992
MRK,20,A_ohlcv,0.34506072734539806
MRK,20,C_sentiment,0.3741859724991702
MRK,20,frozen_rolling,0.13891476589401863
