date,close,volume
2015-01-02,27.51,18792341
2015-01-05,27.57,40533516
2015-01-06,27.44,42766497
2015-01-07,27.52,30990143
2015-01-08,27.49,31327782
2015-01-09,27.85,28077721
2015-01-12,27.53,23301120
2015-01-13,27.54,20731636
2015-01-14,27.54,13838634
2015-01-15,28.14,20595238
2015-01-16,27.77,24765319
2015-01-20,28.05,41718447
2015-01-21,27.84,37520468
2015-01-22,28.19,52911076
2015-01-23,28.22,39341900
2015-01-26,28.26,17587755
2015-01-27,28.09,30107586
2015-01-28,27.89,40294336
2015-01-29,27.7,17373871
2015-01-30,27.9,26681026
2015-02-02,27.78,27498345
2015-02-03,27.2,27594315
2015-02-04,27.66,40405465
2015-02-05,27.95,25069013
2015-02-06,28.32,34760141
2015-02-09,28.4,22166557
2015-02-10,28.52,29889125
2015-02-11,28.27,37804281
2015-02-12,27.89,30191994
2015-02-13,27.6,36156867
2015-02-17,27.49,30385035
2015-02-18,27.37,10794057
2015-02-19,27.51,28418958
2015-02-20,27.36,26684125
2015-02-23,26.84,37853172
2015-02-24,26.71,27108427
2015-02-25,26.67,37466403
2015-02-26,26.41,25683637
2015-02-27,26.33,37974894
2015-03-02,26.65,44300349
2015-03-03,26.48,29024092
2015-03-04,26.19,23021596
2015-03-05,26.02,41507260
2015-03-06,25.62,55445435
2015-03-09,25.39,44691981
2015-03-10,25.37,20032986
2015-03-11,25.26,24946266
2015-03-12,25.09,39552706
2015-03-13,25.34,37482241
2015-03-16,25.45,22754556
2015-03-17,25.55,25562174
2015-03-18,25.73,29569341
2015-03-19,25.65,23546967
2015-03-20,25.6,23843094
2015-03-23,25.8,33648544
2015-03-24,25.86,26873324
2015-03-25,25.51,37054173
2015-03-26,25.45,16977651
2015-03-27,25.8,27119311
2015-03-30,25.72,29942542
2015-03-31,25.08,35416448
2015-04-01,24.48,31940049
2015-04-02,24.73,38680045
2015-04-06,24.41,13114055
2015-04-07,24.32,20052821
2015-04-08,24.12,27309043
2015-04-09,23.9,25953102
2015-04-10,23.48,44167037
2015-04-13,23.34,37494085
2015-04-14,23.21,22863984
2015-04-15,22.79,27382350
2015-04-16,22.57,34925496
2015-04-17,22.37,25885472
2015-04-20,22.8,41083446
2015-04-21,23.03,18183870
2015-04-22,22.95,19174038
2015-04-23,22.91,28371247
2015-04-24,22.92,23244947
2015-04-27,22.67,27843342
2015-04-28,23.42,56311669
2015-04-29,23.78,28834771
2015-04-30,23.54,25339116
2015-05-01,23.54,44023254
2015-05-04,23.88,39844916
2015-05-05,23.66,28369849
2015-05-06,23.91,37084309
2015-05-07,23.89,35909912
2015-05-08,23.07,32173270
2015-05-11,23.21,27273522
2015-05-12,23.66,20514824
2015-05-13,23.48,34884498
2015-05-14,23.79,29889801
2015-05-15,24.04,28951504
2015-05-18,24.39,17525408
2015-05-19,24.56,24652406
2015-05-20,25.12,20954636
2015-05-21,25.39,40070225
2015-05-22,25.49,36735351
2015-05-26,25.14,20232099
2015-05-27,24.96,24672808
2015-05-28,25.03,20770083
2015-05-29,25.1,19307397
2015-06-01,25.31,47806483
2015-06-02,25.56,28800636
2015-06-03,24.67,42118302
2015-06-04,24.74,25430806
2015-06-05,23.82,55389360
2015-06-08,24.03,33945840
2015-06-09,24.25,39348261
2015-06-10,24.09,20043552
2015-06-11,23.97,45085354
2015-06-12,24.22,21396270
2015-06-15,24.14,14854411
2015-06-16,23.62,32247860
2015-06-17,23.18,68923588
2015-06-18,22.42,57203108
2015-06-19,22.49,25200611
2015-06-22,22.28,30271917
2015-06-23,22.58,33452103
2015-06-24,22.11,30851028
2015-06-25,22.55,18022605
2015-06-26,22.68,28160254
2015-06-29,22.97,53349716
2015-06-30,23.72,45117836
2015-07-01,24.16,22396974
2015-07-02,24.18,17217159
2015-07-06,24.07,31761134
2015-07-07,24.04,23790160
2015-07-08,23.98,20639586
2015-07-09,23.94,15741454
2015-07-10,24.61,25828001
2015-07-13,24.25,38904772
2015-07-14,23.95,33625114
2015-07-15,24.98,33539382
2015-07-16,25.39,29655889
2015-07-17,25.1,31423918
2015-07-20,25.71,38981550
2015-07-21,26.05,42437322
2015-07-22,25.57,27495120
2015-07-23,26.15,29570280
2015-07-24,26.26,33532081
2015-07-27,26.08,23372807
2015-07-28,25.99,26445516
2015-07-29,25.75,22936058
2015-07-30,26.09,30380876
2015-07-31,26.3,34084995
2015-08-03,25.93,29316332
2015-08-04,26.17,34986845
2015-08-05,25.48,40092387
2015-08-06,25.47,20688805
2015-08-07,25.32,29566531
2015-08-10,25.36,36293046
2015-08-11,26.51,49157553
2015-08-12,26.38,20963278
2015-08-13,26.77,24970112
2015-08-14,27.07,48255608
2015-08-17,26.51,23202329
2015-08-18,26.6,27119053
2015-08-19,26.87,25748712
2015-08-20,27.02,23537536
2015-08-21,27.39,52503064
2015-08-24,28.36,39882944
2015-08-25,27.69,39851327
2015-08-26,27.94,21440069
2015-08-27,28.17,34557572
2015-08-28,27.59,26133659
2015-08-31,27.38,17813369
2015-09-01,26.98,19136055
2015-09-02,26.22,66491139
2015-09-03,26.32,22261763
2015-09-04,27.27,40498931
2015-09-08,28.17,39999321
2015-09-09,27.06,41751088
2015-09-10,26.76,30151521
2015-09-11,25.88,40201705
2015-09-14,25.85,28986479
2015-09-15,25.42,27745949
2015-09-16,25.16,25285042
2015-09-17,24.67,32610934
2015-09-18,24.66,34763174
2015-09-21,24.56,40517576
2015-09-22,24.78,32345938
2015-09-23,26.05,70862963
2015-09-24,26.07,19920900
2015-09-25,26.17,26149227
2015-09-28,26.1,57167713
2015-09-29,26.58,37777037
2015-09-30,26.12,35505143
2015-10-01,25.06,56396238
2015-10-02,24.44,36829509
2015-10-05,24.83,41922194
2015-10-06,24.16,24998668
2015-10-07,24.33,35989939
2015-10-08,24.59,26117949
2015-10-09,25.0,25108565
2015-10-12,25.45,42499794
2015-10-13,25.86,56011798
2015-10-14,26.56,27720894
2015-10-15,26.52,19464280
2015-10-16,26.28,30389780
2015-10-19,26.05,43416091
2015-10-20,25.26,30536651
2015-10-21,26.16,36684226
2015-10-22,26.68,41118134
2015-10-23,27.09,26478783
2015-10-26,27.34,26755327
2015-10-27,27.29,46741683
2015-10-28,27.18,13281465
2015-10-29,27.35,37779187
2015-10-30,27.45,32613133
2015-11-02,28.71,54151680
2015-11-03,28.28,33032798
2015-11-04,27.25,39253527
2015-11-05,27.16,30754832
2015-11-06,26.93,36978852
2015-11-09,26.8,19066987
2015-11-10,25.99,48604346
2015-11-11,25.19,31447722
2015-11-12,25.75,26874231
2015-11-13,25.73,29440019
2015-11-16,26.1,19687991
2015-11-17,25.46,39661095
2015-11-18,26.05,58150297
2015-11-19,25.35,31358178
2015-11-20,24.89,25780958
2015-11-23,25.39,17687453
2015-11-24,26.04,31960659
2015-11-25,25.18,52604961
2015-11-27,25.26,26098735
2015-11-30,25.33,49027659
2015-12-01,25.14,32097751
2015-12-02,24.92,32144843
2015-12-03,25.09,48438831
2015-12-04,24.76,22114700
2015-12-07,25.1,27250363
2015-12-08,25.1,15230127
2015-12-09,25.53,44076790
2015-12-10,26.41,34446717
2015-12-11,26.17,27710832
2015-12-14,26.62,41821391
2015-12-15,26.86,28652260
2015-12-16,27.2,34904730
2015-12-17,27.24,46142051
2015-12-18,27.45,27350828
2015-12-21,27.22,31593748
2015-12-22,27.36,22501236
2015-12-23,27.6,30353241
2015-12-24,27.46,39144188
2015-12-28,28.23,38371849
2015-12-29,27.41,23119135
2015-12-30,27.66,32102996
2015-12-31,27.58,20756958
2016-01-04,27.43,33038114
2016-01-05,27.94,23838705
2016-01-06,27.98,40553254
2016-01-07,28.22,26140740
2016-01-08,28.02,28847732
2016-01-11,28.4,27784612
2016-01-12,28.62,17478121
2016-01-13,28.45,38237486
2016-01-14,29.03,32166223
2016-01-15,29.01,29206826
2016-01-19,28.61,32552829
2016-01-20,28.4,34294772
2016-01-21,27.99,34717227
2016-01-22,28.08,20567377
2016-01-25,27.4,26596993
2016-01-26,27.74,29513927
2016-01-27,27.36,19266298
2016-01-28,28.21,44121854
2016-01-29,28.67,53122184
2016-02-01,28.95,15853146
2016-02-02,28.65,33091916
2016-02-03,28.75,27545536
2016-02-04,28.84,34338894
2016-02-05,29.08,28657593
2016-02-08,29.02,24844173
2016-02-09,29.08,19091218
2016-02-10,29.47,24794084
2016-02-11,29.72,34333681
2016-02-12,30.37,26549971
2016-02-16,30.39,17703054
2016-02-17,30.34,22893054
2016-02-18,29.81,21655277
2016-02-19,29.58,30009348
2016-02-22,29.62,23146944
2016-02-23,29.77,25860563
2016-02-24,29.73,26677393
2016-02-25,29.89,15280267
2016-02-26,30.13,25140503
2016-02-29,30.65,39137851
2016-03-01,31.11,24123169
2016-03-02,30.95,17391429
2016-03-03,30.88,17274840
2016-03-04,30.85,28870945
2016-03-07,31.12,42970081
2016-03-08,30.5,29429868
2016-03-09,30.02,26554497
2016-03-10,30.01,21877444
2016-03-11,30.25,31453759
2016-03-14,30.28,16603890
2016-03-15,30.02,30137447
2016-03-16,30.67,47835638
2016-03-17,30.23,19518694
2016-03-18,30.04,25251774
2016-03-21,30.08,28766918
2016-03-22,30.31,39947965
2016-03-23,30.36,24542545
2016-03-24,30.75,22906394
2016-03-28,30.65,32893899
2016-03-29,31.06,36640845
2016-03-30,30.44,28555493
2016-03-31,30.43,26677626
2016-04-01,30.95,27896640
2016-04-04,30.48,41699759
2016-04-05,30.74,29345497
2016-04-06,30.44,22544748
2016-04-07,31.33,31564625
2016-04-08,31.41,30568868
2016-04-11,31.63,42600559
2016-04-12,31.2,33609769
2016-04-13,31.63,37377172
2016-04-14,31.7,18659933
2016-04-15,32.02,31022856
2016-04-18,32.48,23764568
2016-04-19,32.74,37813591
2016-04-20,32.21,25141136
2016-04-21,31.33,33049264
2016-04-22,31.37,24310821
2016-04-25,31.37,17734201
2016-04-26,32.1,33220876
2016-04-27,31.57,25057727
2016-04-28,31.9,37130606
2016-04-29,31.52,48489805
2016-05-02,31.63,19603182
2016-05-03,31.48,20165566
2016-05-04,32.2,30778099
2016-05-05,32.23,22645377
2016-05-06,32.18,32516106
2016-05-09,32.02,32583767
2016-05-10,31.77,32625283
2016-05-11,31.66,23486742
2016-05-12,31.06,27491602
2016-05-13,30.86,26621428
2016-05-16,31.17,31924330
2016-05-17,30.55,22265302
2016-05-18,30.65,21460603
2016-05-19,30.72,21860949
2016-05-20,30.67,28613994
2016-05-23,31.3,26747268
2016-05-24,31.3,20981839
2016-05-25,31.38,15804293
2016-05-26,31.1,23434859
2016-05-27,31.08,19808459
2016-05-31,31.16,30495507
2016-06-01,31.38,29117462
2016-06-02,31.71,41765963
2016-06-03,31.78,19877235
2016-06-06,31.76,24025382
2016-06-07,31.12,36462013
2016-06-08,31.29,26709340
2016-06-09,31.07,24686760
2016-06-10,31.51,25900653
2016-06-13,31.66,29004245
2016-06-14,31.99,32041108
2016-06-15,32.25,21764893
2016-06-16,32.0,25190070
2016-06-17,32.35,25236390
2016-06-20,32.48,36632971
2016-06-21,32.3,20855905
2016-06-22,32.13,22771415
2016-06-23,32.27,24343078
2016-06-24,32.41,18378593
2016-06-27,32.63,26991617
2016-06-28,32.92,20122526
2016-06-29,32.68,30901164
2016-06-30,32.44,40372858
2016-07-01,32.21,35044155
2016-07-05,32.44,16658193
2016-07-06,32.37,42163018
2016-07-07,32.31,41268232
2016-07-08,32.04,24372109
2016-07-11,31.89,28830301
2016-07-12,32.1,30925102
2016-07-13,32.21,13791146
2016-07-14,31.8,18454474
2016-07-15,31.61,27713354
2016-07-18,32.09,33185999
2016-07-19,32.2,23516609
2016-07-20,32.55,25689168
2016-07-21,32.59,19570523
2016-07-22,33.05,27795914
2016-07-25,33.22,22592346
2016-07-26,32.71,20503561
2016-07-27,32.58,39184740
2016-07-28,32.43,21330033
2016-07-29,32.46,12616416
2016-08-01,32.88,17522404
2016-08-02,32.57,16000518
2016-08-03,32.24,34313813
2016-08-04,32.11,25614778
2016-08-05,32.32,21989754
2016-08-08,31.86,36429265
2016-08-09,31.81,24968939
2016-08-10,31.98,23548793
2016-08-11,32.2,29186840
2016-08-12,32.83,50582204
2016-08-15,32.23,27557696
2016-08-16,32.56,25569241
2016-08-17,32.57,41121976
2016-08-18,32.46,33452428
2016-08-19,32.61,42032418
2016-08-22,32.65,25794178
2016-08-23,32.57,18756319
2016-08-24,32.14,45570883
2016-08-25,32.39,31451180
2016-08-26,32.78,26510447
2016-08-29,32.51,31371925
2016-08-30,32.61,31866815
2016-08-31,32.67,38403154
2016-09-01,32.29,37632994
2016-09-02,32.36,23381808
2016-09-06,32.64,30651745
2016-09-07,32.59,16333176
2016-09-08,32.19,36988808
2016-09-09,32.08,25795033
2016-09-12,31.55,23832992
2016-09-13,31.52,35420200
2016-09-14,31.57,26758560
2016-09-15,31.37,33084944
2016-09-16,31.26,27819193
2016-09-19,31.44,20597588
2016-09-20,31.56,26817996
2016-09-21,31.49,12945809
2016-09-22,30.99,29141038
2016-09-23,31.31,42949318
2016-09-26,31.4,33220588
2016-09-27,31.35,41312737
2016-09-28,31.51,19265318
2016-09-29,30.82,65644741
2016-09-30,30.69,18925803
2016-10-03,29.79,38219716
2016-10-04,30.23,26030413
2016-10-05,29.83,38398381
2016-10-06,29.4,24675715
2016-10-07,29.47,26204303
2016-10-10,30.24,30729248
2016-10-11,30.19,26897124
2016-10-12,30.31,20315240
2016-10-13,30.02,28199401
2016-10-14,29.74,35674738
2016-10-17,29.41,31965084
2016-10-18,29.07,28981803
2016-10-19,29.51,35780204
2016-10-20,29.48,18956873
2016-10-21,29.29,27886425
2016-10-24,28.78,45588032
2016-10-25,28.46,23631452
2016-10-26,28.21,13318360
2016-10-27,27.48,53594025
2016-10-28,27.42,30274558
2016-10-31,27.71,35726849
2016-11-01,28.02,23854930
2016-11-02,28.23,42630895
2016-11-03,27.96,22820744
2016-11-04,27.97,33011436
2016-11-07,27.87,23817191
2016-11-08,28.25,16595307
2016-11-09,28.03,25437277
2016-11-10,27.89,25804279
2016-11-11,27.52,20077539
2016-11-14,28.06,29281653
2016-11-15,28.58,40178072
2016-11-16,28.88,16523244
2016-11-17,28.56,29749178
2016-11-18,29.06,63081322
2016-11-21,28.86,27510423
2016-11-22,28.99,30934057
2016-11-23,29.45,35752368
2016-11-25,28.52,46813780
2016-11-28,27.88,33076648
2016-11-29,28.09,24319355
2016-11-30,27.67,31740915
2016-12-01,27.29,34014467
2016-12-02,27.31,17516514
2016-12-05,27.67,24779510
2016-12-06,27.23,31949397
2016-12-07,27.19,20775888
2016-12-08,27.17,14994235
2016-12-09,27.56,27911655
2016-12-12,27.73,27943790
2016-12-13,26.82,49362273
2016-12-14,26.54,45432590
2016-12-15,27.19,38875391
2016-12-16,27.0,33466940
2016-12-19,26.97,33657183
2016-12-20,26.33,35357080
2016-12-21,26.96,36092006
2016-12-22,26.86,24366043
2016-12-23,27.07,30943633
2016-12-27,26.94,22322786
2016-12-28,26.95,22161243
2016-12-29,27.46,23181735
2016-12-30,27.59,28145684
2017-01-03,28.14,29989645
2017-01-04,28.31,30701091
2017-01-05,28.23,25251850
2017-01-06,28.2,21147791
2017-01-09,27.19,45276929
2017-01-10,27.08,26122446
2017-01-11,26.97,31088271
2017-01-12,26.88,25900164
2017-01-13,26.5,27018566
2017-01-17,26.03,42817950
2017-01-18,25.92,21497991
2017-01-19,25.33,35726375
2017-01-20,25.59,32135481
2017-01-23,25.39,39072204
2017-01-24,25.6,28747027
2017-01-25,25.66,20455416
2017-01-26,25.64,22734175
2017-01-27,25.68,16625178
2017-01-30,25.76,34391979
2017-01-31,25.43,59239002
2017-02-01,24.49,28852609
2017-02-02,24.66,29680551
2017-02-03,24.75,26084024
2017-02-06,24.47,69815813
2017-02-07,25.22,30149776
2017-02-08,24.61,38771930
2017-02-09,24.87,33631018
2017-02-10,24.63,25519852
2017-02-13,24.46,25024122
2017-02-14,24.73,37466048
2017-02-15,24.71,30628042
2017-02-16,24.47,16955901
2017-02-17,23.48,46553597
2017-02-21,22.87,48911511
2017-02-22,23.66,65547633
2017-02-23,23.02,50096836
2017-02-24,23.01,21726183
2017-02-27,23.36,24287632
2017-02-28,23.68,28158249
2017-03-01,24.01,30430704
2017-03-02,24.66,47765450
2017-03-03,24.87,22249895
2017-03-06,24.74,21917267
2017-03-07,25.04,36522624
2017-03-08,25.54,27221994
2017-03-09,26.13,26253735
2017-03-10,26.23,31343975
2017-03-13,26.63,25041884
2017-03-14,26.6,16892689
2017-03-15,26.09,27175484
2017-03-16,26.4,29982242
2017-03-17,26.89,41565444
2017-03-20,26.06,50721811
2017-03-21,25.91,65391921
2017-03-22,26.22,47134504
2017-03-23,26.88,70791214
2017-03-24,26.91,17129423
2017-03-27,26.14,23203719
2017-03-28,26.75,40111122
2017-03-29,27.16,28516120
2017-03-30,27.38,34196041
2017-03-31,27.02,33738593
2017-04-03,26.07,49549095
2017-04-04,25.41,44494913
2017-04-05,25.82,38469745
2017-04-06,25.95,21255834
2017-04-07,25.92,21923684
2017-04-10,26.09,19171252
2017-04-11,25.32,52394840
2017-04-12,25.92,36192991
2017-04-13,26.5,44783521
2017-04-17,25.98,33800221
2017-04-18,25.62,20995181
2017-04-19,25.5,19729958
2017-04-20,25.55,21491130
2017-04-21,25.43,25745849
2017-04-24,25.37,26791104
2017-04-25,25.55,32813343
2017-04-26,25.13,31827462
2017-04-27,25.01,46284863
2017-04-28,24.17,35058438
2017-05-01,23.91,25864166
2017-05-02,23.63,22360427
2017-05-03,23.25,24630827
2017-05-04,23.3,24788213
2017-05-05,23.63,35827657
2017-05-08,24.2,43397811
2017-05-09,24.88,39741309
2017-05-10,24.74,31945814
2017-05-11,25.24,44425953
2017-05-12,25.18,22895378
2017-05-15,25.74,32447633
2017-05-16,25.09,53164873
2017-05-17,25.03,25255552
2017-05-18,25.15,23486547
2017-05-19,25.51,45830568
2017-05-22,25.48,19374641
2017-05-23,25.06,14884425
2017-05-24,24.69,16280881
2017-05-25,24.89,25822462
2017-05-26,25.49,30644703
2017-05-30,25.89,16439247
2017-05-31,25.74,23834966
2017-06-01,25.43,34086766
2017-06-02,25.28,13344216
2017-06-05,25.13,35018344
2017-06-06,24.22,41301771
2017-06-07,24.2,16677135
2017-06-08,24.75,42115909
2017-06-09,24.74,32556432
2017-06-12,24.24,42448447
2017-06-13,24.27,25874399
2017-06-14,24.31,36380364
2017-06-15,24.61,44430297
2017-06-16,24.9,31075553
2017-06-19,26.16,55028732
2017-06-20,26.37,28066511
2017-06-21,26.68,23113844
2017-06-22,26.23,45982129
2017-06-23,26.61,21943224
2017-06-26,26.36,23469184
2017-06-27,26.0,30222552
2017-06-28,26.45,26672970
2017-06-29,25.94,44831029
2017-06-30,26.5,26028365
2017-07-03,26.61,28172957
2017-07-05,26.7,17748420
2017-07-06,26.09,27158807
2017-07-07,26.35,31402698
2017-07-10,25.89,38881881
2017-07-11,25.97,28493880
2017-07-12,26.42,45854516
2017-07-13,26.71,43387793
2017-07-14,26.19,33000045
2017-07-17,26.23,19117846
2017-07-18,26.29,25866231
2017-07-19,26.74,35848635
2017-07-20,26.31,17197553
2017-07-21,26.37,21252084
2017-07-24,26.49,33939724
2017-07-25,26.5,40556450
2017-07-26,26.6,33816530
2017-07-27,26.83,31099655
2017-07-28,26.94,14526816
2017-07-31,26.52,36721711
2017-08-01,26.89,22489305
2017-08-02,26.69,29790457
2017-08-03,26.77,22065046
2017-08-04,26.21,29749569
2017-08-07,26.78,42917470
2017-08-08,26.74,20007924
2017-08-09,26.62,33412855
2017-08-10,27.11,22863005
2017-08-11,27.26,34893296
2017-08-14,27.25,17034554
2017-08-15,27.13,22075789
2017-08-16,26.9,39565848
2017-08-17,26.69,31594294
2017-08-18,26.32,20594495
2017-08-21,26.26,21886598
2017-08-22,26.32,34459397
2017-08-23,26.25,15711365
2017-08-24,26.26,29846050
2017-08-25,26.97,50604599
2017-08-28,26.97,33791177
2017-08-29,26.91,32924071
2017-08-30,27.96,44641045
2017-08-31,28.59,58788401
2017-09-01,28.76,25646232
2017-09-05,29.07,18420526
2017-09-06,29.28,21443789
2017-09-07,29.54,19873676
2017-09-08,30.04,39005159
2017-09-11,29.89,38777286
2017-09-12,31.07,45180395
2017-09-13,30.68,18408972
2017-09-14,30.79,45417138
2017-09-15,30.68,35527692
2017-09-18,29.81,88328879
2017-09-19,29.56,15656983
2017-09-20,29.41,24774046
2017-09-21,29.59,27976535
2017-09-22,29.1,34524414
2017-09-25,29.25,22879192
2017-09-26,29.04,26013266
2017-09-27,29.22,32035829
2017-09-28,29.16,18215989
2017-09-29,29.93,26032957
2017-10-02,30.35,21539488
2017-10-03,30.55,29568542
2017-10-04,30.97,42635770
2017-10-05,30.88,35396928
2017-10-06,29.83,51797137
2017-10-09,29.67,26374820
2017-10-10,29.71,18343315
2017-10-11,29.61,49667216
2017-10-12,29.23,39499691
2017-10-13,29.03,43745502
2017-10-16,28.8,56436363
2017-10-17,28.6,21444574
2017-10-18,28.87,21612443
2017-10-19,28.98,25573292
2017-10-20,28.65,35210390
2017-10-23,28.58,27057225
2017-10-24,28.88,21771961
2017-10-25,29.38,29391704
2017-10-26,29.69,22896196
2017-10-27,29.87,45250075
2017-10-30,29.77,31641983
2017-10-31,29.95,51024458
2017-11-01,29.77,30447825
2017-11-02,30.28,33971526
2017-11-03,29.49,58523055
2017-11-06,29.26,26160392
2017-11-07,29.71,36916722
2017-11-08,29.8,47535815
2017-11-09,29.55,15301904
2017-11-10,28.74,43667882
2017-11-13,29.32,31997325
2017-11-14,29.16,26742023
2017-11-15,28.94,24796730
2017-11-16,28.66,29399130
2017-11-17,29.23,23951438
2017-11-20,29.71,32083084
2017-11-21,29.66,47673177
2017-11-22,29.91,36640882
2017-11-24,29.84,33560160
2017-11-27,29.97,31793126
2017-11-28,30.54,44840093
2017-11-29,30.41,28233537
2017-11-30,30.72,29746057
2017-12-01,30.28,21067301
2017-12-04,30.51,20127156
2017-12-05,30.48,27129749
2017-12-06,30.47,30697677
2017-12-07,30.57,29637037
2017-12-08,30.03,51345091
2017-12-11,29.8,34765429
2017-12-12,29.82,28311762
2017-12-13,30.28,29862962
2017-12-14,30.2,65289170
2017-12-15,29.85,28210909
2017-12-18,30.05,18111444
2017-12-19,30.38,44946064
2017-12-20,30.73,25514995
2017-12-21,31.35,26569090
2017-12-22,31.28,28428520
2017-12-26,31.1,21316744
2017-12-27,31.09,37732806
2017-12-28,30.96,35657324
2017-12-29,30.97,27745379
2018-01-02,31.01,21797989
2018-01-03,30.94,33834278
2018-01-04,30.27,35581880
2018-01-05,30.43,26791695
2018-01-08,30.23,13804105
2018-01-09,30.95,28792222
2018-01-10,31.06,45612259
2018-01-11,31.18,23393257
2018-01-12,31.09,19382248
2018-01-16,30.52,27206295
2018-01-17,29.96,49020069
2018-01-18,30.16,31246480
2018-01-19,29.75,36057598
2018-01-22,29.58,17435604
2018-01-23,29.87,37403046
2018-01-24,30.11,26916134
2018-01-25,30.3,23129042
2018-01-26,30.03,30171305
2018-01-29,30.15,24202818
2018-01-30,29.9,33719982
2018-01-31,30.03,18645316
2018-02-01,29.7,31486868
2018-02-02,29.47,36194568
2018-02-05,29.12,32687597
2018-02-06,29.09,27971729
2018-02-07,28.86,34638545
2018-02-08,28.9,29779001
2018-02-09,28.39,28247650
2018-02-12,28.4,26381522
2018-02-13,28.15,46360250
2018-02-14,28.37,43154784
2018-02-15,28.61,28682183
2018-02-16,28.31,34537294
2018-02-20,28.11,22764903
2018-02-21,28.1,24315610
2018-02-22,28.24,30388547
2018-02-23,27.86,34553159
2018-02-26,28.25,40534473
2018-02-27,28.41,25377691
2018-02-28,28.34,22084505
2018-03-01,28.09,19678494
2018-03-02,27.94,25526229
2018-03-05,27.69,26594345
2018-03-06,27.8,28734521
2018-03-07,27.59,24864049
2018-03-08,27.28,21082607
2018-03-09,27.03,19380271
2018-03-12,26.94,23951119
2018-03-13,26.79,19849408
2018-03-14,26.93,24217397
2018-03-15,26.99,27735692
2018-03-16,26.6,30850196
2018-03-19,26.32,43114946
2018-03-20,26.4,23385657
2018-03-21,26.38,22855417
2018-03-22,26.42,28469790
2018-03-23,26.2,22213934
2018-03-26,26.34,20654346
2018-03-27,26.72,54171433
2018-03-28,26.45,29775351
2018-03-29,26.82,19082930
2018-04-02,27.18,23912551
2018-04-03,27.19,21693695
2018-04-04,26.98,25370693
2018-04-05,27.17,29545288
2018-04-06,27.0,31022239
2018-04-09,27.1,19785293
2018-04-10,27.54,22295855
2018-04-11,27.82,29465566
2018-04-12,27.42,37136661
2018-04-13,27.05,25137124
2018-04-16,26.92,26732561
2018-04-17,27.21,27252287
2018-04-18,27.18,30326645
2018-04-19,27.5,48835876
2018-04-20,27.66,23552008
2018-04-23,27.01,28564010
2018-04-24,26.73,29858689
2018-04-25,26.87,20320070
2018-04-26,27.1,27701686
2018-04-27,27.66,41569383
2018-04-30,27.85,37406396
2018-05-01,27.68,19904200
2018-05-02,27.79,16424902
2018-05-03,27.54,47259841
2018-05-04,27.19,36657142
2018-05-07,27.31,24527119
2018-05-08,27.62,28456728
2018-05-09,27.49,24886269
2018-05-10,27.28,29660543
2018-05-11,27.71,30768027
2018-05-14,27.76,33809674
2018-05-15,27.67,24830334
2018-05-16,27.34,49747950
2018-05-17,26.82,38586074
2018-05-18,26.66,33946196
2018-05-21,26.4,27765825
2018-05-22,26.55,32252957
2018-05-23,26.5,28259568
2018-05-24,26.45,36510961
2018-05-25,26.23,17872153
2018-05-29,26.88,51381492
2018-05-30,27.32,28453934
2018-05-31,27.01,27930648
2018-06-01,26.55,24229147
2018-06-04,26.57,24913055
2018-06-05,27.03,39867764
2018-06-06,26.93,38286456
2018-06-07,27.03,29008458
2018-06-08,27.0,14460588
2018-06-11,27.04,19830110
2018-06-12,27.0,16861332
2018-06-13,27.45,41119065
2018-06-14,27.07,26375434
2018-06-15,26.82,26934935
2018-06-18,25.79,47096963
2018-06-19,25.56,24532282
2018-06-20,25.29,26148115
2018-06-21,25.77,47845190
2018-06-22,25.04,20910174
2018-06-25,24.96,39465036
2018-06-26,25.03,27562994
2018-06-27,25.14,31011128
2018-06-28,24.49,19194673
2018-06-29,24.48,42418603
2018-07-02,24.19,29590526
2018-07-03,24.32,37206152
2018-07-05,25.19,43695427
2018-07-06,25.33,24045704
2018-07-09,25.29,28050605
2018-07-10,25.52,19945738
2018-07-11,25.34,32509207
2018-07-12,25.18,38019140
2018-07-13,25.1,27070955
2018-07-16,24.17,30675899
2018-07-17,24.11,25592377
2018-07-18,23.89,20378512
2018-07-19,23.74,20362248
2018-07-20,23.25,31626303
2018-07-23,23.1,39115232
2018-07-24,23.23,22187909
2018-07-25,22.93,52174646
2018-07-26,23.1,20690696
2018-07-27,23.37,35049424
2018-07-30,23.54,39138160
2018-07-31,23.09,43245052
2018-08-01,22.85,37156472
2018-08-02,22.96,16658336
2018-08-03,22.8,18134870
2018-08-06,23.1,41747105
2018-08-07,23.36,27134246
2018-08-08,23.22,21141579
2018-08-09,23.64,56941307
2018-08-10,23.3,34040078
2018-08-13,22.74,53050615
2018-08-14,22.93,19129934
2018-08-15,23.12,22049795
2018-08-16,22.87,31809260
2018-08-17,23.03,43197172
2018-08-20,23.31,34168078
2018-08-21,23.61,34950591
2018-08-22,23.34,30421471
2018-08-23,23.06,19603186
2018-08-24,23.23,25578548
2018-08-27,22.66,42768709
2018-08-28,22.6,50222341
2018-08-29,23.04,47205774
2018-08-30,23.23,35160696
2018-08-31,23.41,25475922
2018-09-04,23.66,26466885
2018-09-05,23.38,40020126
2018-09-06,22.64,26197746
2018-09-07,22.68,25557698
2018-09-10,23.21,23489228
2018-09-11,23.66,28147749
2018-09-12,23.4,37100671
2018-09-13,23.5,24712254
2018-09-14,23.27,19954113
2018-09-17,23.83,42384263
2018-09-18,24.21,37977796
2018-09-19,24.39,42279569
2018-09-20,24.43,37471093
2018-09-21,24.47,20515126
2018-09-24,23.95,31718177
2018-09-25,24.44,42592710
2018-09-26,24.47,29644438
2018-09-27,24.72,22827453
2018-09-28,24.8,27995770
2018-10-01,24.57,34765671
2018-10-02,25.14,27322394
2018-10-03,25.27,20726605
2018-10-04,26.37,53960809
2018-10-05,26.47,24667683
2018-10-08,26.52,44808874
2018-10-09,26.74,33598573
2018-10-10,26.56,27807318
2018-10-11,27.37,48545228
2018-10-12,28.28,43776909
2018-10-15,27.97,19759160
2018-10-16,27.89,27798155
2018-10-17,27.99,22462393
2018-10-18,28.58,19179096
2018-10-19,27.89,35790407
2018-10-22,27.91,24529735
2018-10-23,27.71,36574480
2018-10-24,28.11,32815399
2018-10-25,28.71,20106914
2018-10-26,28.28,31494753
2018-10-29,28.5,17554897
2018-10-30,28.75,26964934
2018-10-31,29.32,24625006
2018-11-01,29.37,20739582
2018-11-02,29.03,29701535
2018-11-05,28.82,42169864
2018-11-06,28.87,30897028
2018-11-07,29.16,31884386
2018-11-08,29.32,26470682
2018-11-09,29.5,31822326
2018-11-12,29.42,25830577
2018-11-13,29.36,41738685
2018-11-14,29.66,25354084
2018-11-15,29.59,16399985
2018-11-16,29.78,20522282
2018-11-19,29.81,25423014
2018-11-20,29.7,35841888
2018-11-21,29.65,23906690
2018-11-23,29.18,29978093
2018-11-26,29.02,21938766
2018-11-27,29.38,31774597
2018-11-28,29.31,22014252
2018-11-29,29.09,37654068
2018-11-30,29.04,33182450
2018-12-03,29.16,47153903
2018-12-04,29.85,57219184
2018-12-06,30.65,34420797
2018-12-07,30.61,14262433
2018-12-10,30.03,26097221
2018-12-11,28.71,52954199
2018-12-12,27.79,50441740
2018-12-13,27.55,24301063
2018-12-14,28.36,46801503
2018-12-17,28.46,14282738
2018-12-18,28.42,27440449
2018-12-19,28.69,36965650
2018-12-20,27.63,51791094
2018-12-21,27.09,23524959
2018-12-24,27.71,16316959
2018-12-26,27.0,30752958
2018-12-27,27.99,55214783
2018-12-28,28.42,39137969
2018-12-31,28.72,26659149
2019-01-02,28.54,25924526
2019-01-03,28.61,16538516
2019-01-04,28.53,30567134
2019-01-07,28.31,42035752
2019-01-08,28.06,35536670
2019-01-09,28.56,36349065
2019-01-10,29.53,41175594
2019-01-11,29.62,26323685
2019-01-14,29.27,36930680
2019-01-15,30.16,33829988
2019-01-16,30.08,34144635
2019-01-17,31.04,48572458
2019-01-18,31.78,40185639
2019-01-22,31.49,27344446
2019-01-23,31.59,26717553
2019-01-24,32.09,24422056
2019-01-25,31.9,35610937
2019-01-28,31.25,38397839
2019-01-29,31.5,27113632
2019-01-30,31.45,14458731
2019-01-31,31.0,31726673
2019-02-01,31.73,33198953
2019-02-04,32.57,25662300
2019-02-05,32.36,21255489
2019-02-06,32.43,28063515
2019-02-07,32.29,31045734
2019-02-08,33.08,24532688
2019-02-11,33.38,26761068
2019-02-12,33.46,23691327
2019-02-13,33.59,44567368
2019-02-14,34.96,57633850
2019-02-15,34.81,28788422
2019-02-19,34.6,22237253
2019-02-20,34.28,34021381
2019-02-21,34.24,26883492
2019-02-22,34.77,19808793
2019-02-25,34.36,27678140
2019-02-26,34.91,29840044
2019-02-27,35.36,24917416
2019-02-28,35.86,38651754
2019-03-01,37.23,52574241
2019-03-04,36.45,34265813
2019-03-05,36.21,22955402
2019-03-06,36.3,45355026
2019-03-07,36.58,30586934
2019-03-08,37.25,33138808
2019-03-11,36.92,56723080
2019-03-12,36.93,24698114
2019-03-13,36.46,26178631
2019-03-14,37.16,56996856
2019-03-15,36.82,17346261
2019-03-18,37.14,19864368
2019-03-19,38.02,61871676
2019-03-20,37.78,33343247
2019-03-21,37.31,32875103
2019-03-22,37.39,28964953
2019-03-25,36.79,37036588
2019-03-26,36.32,22781546
2019-03-27,36.52,19348040
2019-03-28,36.34,21467426
2019-03-29,35.42,50781529
2019-04-01,36.17,34481088
2019-04-02,35.84,22137321
2019-04-03,35.91,27368227
2019-04-04,36.16,40841616
2019-04-05,37.03,50849783
2019-04-08,37.0,16953209
2019-04-09,37.6,43307153
2019-04-10,38.49,41754867
2019-04-11,38.56,20285995
2019-04-12,38.87,29168618
2019-04-15,38.86,16320988
2019-04-16,39.41,24879541
2019-04-17,39.61,18778755
2019-04-18,40.15,43068776
2019-04-22,40.07,24292730
2019-04-23,40.05,24567700
2019-04-24,40.29,45933284
2019-04-25,41.1,29479197
2019-04-26,41.56,36022399
2019-04-29,41.11,19068859
2019-04-30,42.08,26511385
2019-05-01,41.81,11962684
2019-05-02,41.69,24667783
2019-05-03,42.36,29872632
2019-05-06,42.01,31543193
2019-05-07,42.29,23990258
2019-05-08,42.44,38529081
2019-05-09,41.98,30610025
2019-05-10,41.63,34947995
2019-05-13,41.93,23883114
2019-05-14,42.02,27255077
2019-05-15,41.42,26429713
2019-05-16,41.13,27581465
2019-05-17,40.62,37322351
2019-05-20,40.66,27163031
2019-05-21,40.98,33336980
2019-05-22,41.02,36383605
2019-05-23,40.53,27313972
2019-05-24,40.64,39567472
2019-05-28,40.91,35488549
2019-05-29,41.07,24841608
2019-05-30,40.68,28102345
2019-05-31,41.15,36678756
2019-06-03,40.91,32819379
2019-06-04,40.9,29589141
2019-06-05,40.92,19922614
2019-06-06,41.31,28299250
2019-06-07,40.97,27471805
2019-06-10,41.87,28409779
2019-06-11,41.8,24446933
2019-06-12,41.51,17757719
2019-06-13,41.33,18575191
2019-06-14,41.48,16834459
2019-06-17,41.69,21107559
2019-06-18,41.19,33584869
2019-06-19,41.05,20830460
2019-06-20,41.8,41355041
2019-06-21,42.35,22229220
2019-06-24,41.59,28047837
2019-06-25,41.53,30192341
2019-06-26,41.82,27170303
2019-06-27,42.46,34417044
2019-06-28,42.14,27202379
2019-07-01,41.15,33400275
2019-07-02,41.46,41902888
2019-07-03,40.86,36528614
2019-07-05,40.24,33849865
2019-07-08,40.15,26019015
2019-07-09,40.0,32618268
2019-07-10,39.33,32929893
2019-07-11,39.15,27420291
2019-07-12,39.55,29920247
2019-07-15,39.5,23539672
2019-07-16,39.17,22035356
2019-07-17,39.36,29457984
2019-07-18,39.12,23092060
2019-07-19,39.31,36541691
2019-07-22,38.93,23374673
2019-07-23,38.74,26786509
2019-07-24,38.93,34423264
2019-07-25,38.5,53472040
2019-07-26,38.68,28230434
2019-07-29,38.43,27205773
2019-07-30,38.1,30620108
2019-07-31,37.84,17997013
2019-08-01,37.94,19701724
2019-08-02,37.59,65215700
2019-08-05,37.44,17245868
2019-08-06,37.48,19921144
2019-08-07,37.65,41444321
2019-08-08,38.13,46571441
2019-08-09,38.13,30980213
2019-08-12,38.01,22240945
2019-08-13,37.69,25161827
2019-08-14,37.26,35133993
2019-08-15,36.98,40808917
2019-08-16,36.87,31668771
2019-08-19,37.09,33027822
2019-08-20,36.93,29084085
2019-08-21,36.56,29702604
2019-08-22,37.08,18860516
2019-08-23,36.45,30298238
2019-08-26,37.25,18274733
2019-08-27,37.15,32080505
2019-08-28,37.29,29750736
2019-08-29,36.47,38323810
2019-08-30,35.96,38231775
2019-09-03,36.01,32782778
2019-09-04,36.33,32810820
2019-09-05,36.35,24802790
2019-09-06,36.2,35152658
2019-09-09,36.53,25533283
2019-09-10,36.1,37471878
2019-09-11,35.85,40236331
2019-09-12,36.83,43261268
2019-09-13,37.03,34460596
2019-09-16,37.49,32565544
2019-09-17,37.2,29586132
2019-09-18,37.12,23386818
2019-09-19,36.21,77428131
2019-09-20,36.55,25418230
2019-09-23,35.94,38074706
2019-09-24,35.66,24075311
2019-09-25,35.56,24919001
2019-09-26,35.98,41099205
2019-09-27,35.6,23458013
2019-09-30,36.56,61623101
2019-10-01,36.21,29085626
2019-10-02,35.39,33167286
2019-10-03,34.65,29369881
2019-10-04,35.84,43801210
2019-10-07,35.34,46250773
2019-10-08,35.24,40269046
2019-10-09,34.11,30045236
2019-10-10,35.13,27010940
2019-10-11,34.1,32758054
2019-10-14,34.08,17602928
2019-10-15,34.01,23817379
2019-10-16,33.98,32600546
2019-10-17,33.66,38852998
2019-10-18,32.88,40834038
2019-10-21,33.29,36532069
2019-10-22,33.61,36346963
2019-10-23,33.44,26210264
2019-10-24,33.21,22428834
2019-10-25,33.37,19762479
2019-10-28,33.26,19736807
2019-10-29,34.07,28273512
2019-10-30,34.69,69291724
2019-10-31,35.5,33633946
2019-11-01,34.99,22843024
2019-11-04,34.33,32637301
2019-11-05,33.57,35441665
2019-11-06,33.33,25272035
2019-11-07,32.72,27951818
2019-11-08,32.65,19147780
2019-11-11,31.8,26395815
2019-11-12,31.88,18907117
2019-11-13,32.41,26925753
2019-11-14,33.09,31008955
2019-11-15,33.52,34058413
2019-11-18,33.79,36014330
2019-11-19,34.08,17838931
2019-11-20,34.43,30552085
2019-11-21,36.28,55227856
2019-11-22,35.35,25315897
2019-11-25,35.5,16726907
2019-11-26,35.96,27779216
2019-11-27,36.66,35941342
2019-11-29,36.41,21011901
2019-12-02,37.77,38425104
2019-12-03,37.98,41817526
2019-12-04,36.46,71051386
2019-12-05,36.55,32530037
2019-12-06,35.83,46867178
2019-12-09,36.0,16682997
2019-12-10,36.17,20278637
2019-12-11,36.99,39174323
2019-12-12,37.35,22975471
2019-12-13,37.46,23220607
2019-12-16,37.29,43915681
2019-12-17,36.29,67655700
2019-12-18,35.26,53434776
2019-12-19,34.59,44033895
2019-12-20,35.54,32660434
2019-12-23,36.08,38789470
2019-12-24,35.91,29666729
2019-12-26,36.06,41539706
2019-12-27,38.12,54991221
2019-12-30,38.45,31705817
2019-12-31,38.52,18751608
2020-01-02,38.79,24213498
2020-01-03,38.19,25154703
2020-01-06,38.17,29434639
2020-01-07,38.42,46156742
2020-01-08,38.21,31528920
2020-01-09,38.9,33032769
2020-01-10,40.14,29895122
2020-01-13,39.31,39230564
2020-01-14,39.19,34072513
2020-01-15,39.41,35426554
2020-01-16,39.51,35328802
2020-01-17,39.87,24459182
2020-01-21,39.13,23948979
2020-01-22,39.8,34346336
2020-01-23,39.25,32479112
2020-01-24,39.39,27979980
2020-01-27,37.68,35734182
2020-01-28,36.88,41742577
2020-01-29,38.17,43261982
2020-01-30,38.11,27483001
2020-01-31,38.06,25248516
2020-02-03,39.08,66583489
2020-02-04,37.38,69442630
2020-02-05,36.99,20408517
2020-02-06,37.04,30285887
2020-02-07,37.4,28314442
2020-02-10,36.06,32049925
2020-02-11,35.62,20787879
2020-02-12,36.51,24142257
2020-02-13,34.7,70687659
2020-02-14,34.92,26303003
2020-02-18,34.69,22518958
2020-02-19,35.28,33970817
2020-02-20,34.08,43618194
2020-02-21,33.9,37999050
2020-02-24,34.33,29598534
2020-02-25,35.18,33565526
2020-02-26,35.66,28399466
2020-02-27,33.54,44888404
2020-02-28,34.66,47519855
2020-03-02,33.34,35800017
2020-03-03,32.92,52051087
2020-03-04,32.89,24986636
2020-03-05,30.11,64331092
2020-03-06,31.7,39678074
2020-03-09,32.75,48264216
2020-03-10,32.54,17378004
2020-03-11,34.37,61809009
2020-03-12,35.05,26283992
2020-03-13,35.62,17726495
2020-03-16,35.64,21428635
2020-03-17,36.8,40382233
2020-03-18,36.03,32477201
2020-03-19,35.57,28214868
2020-03-20,33.83,66744102
2020-03-23,33.06,32029247
2020-03-24,32.56,29131157
2020-03-25,31.65,34001493
2020-03-26,31.53,27840845
2020-03-27,30.69,35502308
2020-03-30,29.56,29122302
2020-03-31,29.75,16969602
2020-04-01,29.62,28447466
2020-04-02,30.21,31890756
2020-04-03,29.81,36200708
2020-04-06,29.79,54078799
2020-04-07,31.21,60567563
2020-04-08,31.08,25776510
2020-04-09,32.35,58517041
2020-04-13,32.04,24231269
2020-04-14,33.48,38157248
2020-04-15,33.2,19067778
2020-04-16,32.1,32718454
2020-04-17,30.99,41203133
2020-04-20,31.3,21419572
2020-04-21,32.98,37722687
2020-04-22,34.37,43307176
2020-04-23,34.07,38413299
2020-04-24,33.13,50641192
2020-04-27,33.12,24434355
2020-04-28,34.61,47089481
2020-04-29,34.73,28859462
2020-04-30,34.06,37927819
2020-05-01,33.19,42551862
2020-05-04,34.31,37681948
2020-05-05,35.11,30468816
2020-05-06,34.06,34458561
2020-05-07,34.58,26527592
2020-05-08,33.81,30662078
2020-05-11,32.94,41248663
2020-05-12,32.63,26556882
2020-05-13,33.47,37628417
2020-05-14,32.1,78470558
2020-05-15,32.0,37091057
2020-05-18,32.46,16294084
2020-05-19,32.3,31617254
2020-05-20,34.33,77724302
2020-05-21,34.02,28587145
2020-05-22,33.04,40770140
2020-05-26,33.85,57376467
2020-05-27,33.8,29542763
2020-05-28,35.52,103322185
2020-05-29,36.05,26985282
2020-06-01,35.17,24492991
2020-06-02,36.02,35826517
2020-06-03,36.23,41606456
2020-06-04,36.04,18718405
2020-06-05,35.46,26273124
2020-06-08,35.51,29209983
2020-06-09,34.12,37181460
2020-06-10,31.83,122458284
2020-06-11,31.57,27864228
2020-06-12,31.04,27981602
2020-06-15,29.72,34365073
2020-06-16,29.49,49803892
2020-06-17,31.07,78690334
2020-06-18,29.79,43002102
2020-06-19,31.1,56054840
2020-06-22,30.54,37264392
2020-06-23,31.19,35808238
2020-06-24,30.8,32672936
2020-06-25,31.02,37598497
2020-06-26,30.53,22740264
2020-06-29,31.57,24957679
2020-06-30,30.29,38692072
2020-07-01,30.69,32052107
2020-07-02,29.71,35772553
2020-07-06,29.87,17399611
2020-07-07,30.56,25973019
2020-07-08,29.78,40579939
2020-07-09,29.63,22585052
2020-07-10,29.33,41438447
2020-07-13,29.84,38179529
2020-07-14,30.82,56797650
2020-07-15,30.59,30545937
2020-07-16,30.39,28464628
2020-07-17,30.85,27183817
2020-07-20,30.14,34834296
2020-07-21,30.42,33766113
2020-07-22,30.56,28280463
2020-07-23,30.31,38335488
2020-07-24,30.82,23173001
2020-07-27,31.4,38306427
2020-07-28,31.6,33449896
2020-07-29,32.13,40830440
2020-07-30,33.48,70008027
2020-07-31,33.22,30301331
2020-08-03,33.32,15621727
2020-08-04,34.08,36133897
2020-08-05,33.98,38666915
2020-08-06,34.24,24910500
2020-08-07,34.04,28729266
2020-08-10,34.86,20119721
2020-08-11,34.01,42750716
2020-08-12,33.65,36759708
2020-08-13,35.2,38574298
2020-08-14,34.67,25056425
2020-08-17,34.75,23845100
2020-08-18,34.91,24169383
2020-08-19,35.61,33449643
2020-08-20,35.55,16392514
2020-08-21,34.56,18532161
2020-08-24,35.38,26983515
2020-08-25,35.2,29646790
2020-08-26,34.53,33501497
2020-08-27,34.79,22550114
2020-08-28,34.32,44951499
2020-08-31,34.6,21637149
2020-09-01,33.48,30782576
2020-09-02,33.36,39484185
2020-09-03,32.83,40656675
2020-09-04,32.59,18828905
2020-09-08,33.23,32925101
2020-09-09,32.52,37411521
2020-09-10,32.56,17955748
2020-09-11,32.91,23211899
2020-09-14,32.09,51988228
2020-09-15,31.92,39997115
2020-09-16,32.52,34741469
2020-09-17,31.63,45818100
2020-09-18,31.73,20287981
2020-09-21,30.91,32549985
2020-09-22,30.9,31518433
2020-09-23,31.47,49233023
2020-09-24,31.5,43622116
2020-09-25,32.02,20348901
2020-09-28,31.6,40296948
2020-09-29,31.71,22633310
2020-09-30,31.55,31207616
2020-10-01,31.22,36043270
2020-10-02,30.52,40332583
2020-10-05,30.34,20415463
2020-10-06,30.41,18188855
2020-10-07,30.09,18882768
2020-10-08,29.59,68130892
2020-10-09,29.51,17295830
2020-10-12,30.04,23312065
2020-10-13,29.71,39947273
2020-10-14,30.23,30200959
2020-10-15,30.19,22639956
2020-10-16,29.64,26191169
2020-10-19,29.94,24570223
2020-10-20,30.17,28797022
2020-10-21,29.64,31743026
2020-10-22,29.86,22143965
2020-10-23,29.47,19861588
2020-10-26,29.45,32091297
2020-10-27,29.13,22913533
2020-10-28,29.69,58407336
2020-10-29,30.06,29622908
2020-10-30,30.24,28087337
2020-11-02,30.45,26622179
2020-11-03,31.24,43232164
2020-11-04,31.25,29270221
2020-11-05,31.16,22921670
2020-11-06,30.59,36534369
2020-11-09,31.12,29649717
2020-11-10,30.89,37527185
2020-11-11,31.08,29180912
2020-11-12,30.58,23567860
2020-11-13,31.37,29484500
2020-11-16,31.16,32033835
2020-11-17,30.43,32696522
2020-11-18,30.91,37406311
2020-11-19,31.34,46520581
2020-11-20,31.02,21212547
2020-11-23,31.84,32518010
2020-11-24,32.11,17888208
2020-11-25,31.54,21870226
2020-11-27,31.56,15267521
2020-11-30,31.59,23136830
2020-12-01,32.09,22653669
2020-12-02,31.83,53154925
2020-12-03,31.88,22651873
2020-12-04,32.05,34590804
2020-12-07,32.29,26525831
2020-12-08,32.52,29966832
2020-12-09,32.31,20499599
2020-12-10,31.85,45372645
2020-12-11,32.1,30754785
2020-12-14,32.29,22761747
2020-12-15,32.17,34002475
2020-12-16,32.1,23491774
2020-12-17,32.34,32863208
2020-12-18,32.34,30052210
2020-12-21,32.6,23220880
2020-12-22,33.2,33039353
2020-12-23,33.48,39909628
2020-12-24,33.76,24760656
2020-12-28,33.82,15399554
2020-12-29,33.38,39362974
2020-12-30,33.31,17973234
2020-12-31,33.12,32810263
2021-01-04,33.37,40197994
2021-01-05,32.68,63262113
2021-01-06,33.05,40758075
2021-01-07,32.93,23886285
2021-01-08,32.63,43041688
2021-01-11,32.36,22410179
2021-01-12,31.59,37636875
2021-01-13,31.67,28488738
2021-01-14,31.99,23088388
2021-01-15,32.18,34455386
2021-01-19,32.28,27876860
2021-01-20,31.9,26291067
2021-01-21,31.68,36985591
2021-01-22,31.98,22158137
2021-01-25,31.76,20119166
2021-01-26,31.51,23648986
2021-01-27,31.49,18901342
2021-01-28,31.52,30421969
2021-01-29,31.45,20997885
2021-02-01,31.13,32657734
2021-02-02,30.83,18227420
2021-02-03,31.02,22968805
2021-02-04,31.35,24259636
2021-02-05,31.08,30806789
2021-02-08,31.09,13573676
2021-02-09,30.57,46092060
2021-02-10,29.83,32034618
2021-02-11,29.92,28748743
2021-02-12,30.37,18714258
2021-02-16,30.01,31542979
2021-02-17,30.08,31085134
2021-02-18,30.7,46835606
2021-02-19,31.13,30773085
2021-02-22,31.26,24901351
2021-02-23,31.23,25235096
2021-02-24,31.0,34580995
2021-02-25,31.27,17308118
2021-02-26,31.39,13120215
2021-03-01,32.18,29942797
2021-03-02,32.35,38231038
2021-03-03,32.38,16249873
2021-03-04,32.27,16099988
2021-03-05,31.74,45620617
2021-03-08,31.65,24531702
2021-03-09,31.4,18891182
2021-03-10,31.26,21140926
2021-03-11,31.5,30515640
2021-03-12,31.95,26916909
2021-03-15,31.74,43139209
2021-03-16,31.01,29638240
2021-03-17,30.59,32829337
2021-03-18,30.57,29407122
2021-03-19,30.42,27965396
2021-03-22,30.33,22268539
2021-03-23,30.09,26590242
2021-03-24,30.1,19196922
2021-03-25,30.12,25968568
2021-03-26,30.41,28766772
2021-03-29,29.96,19944958
2021-03-30,29.53,22351766
2021-03-31,29.79,37346907
2021-04-01,29.58,16792431
2021-04-05,29.03,40062439
2021-04-06,28.96,24144270
2021-04-07,28.65,29615158
2021-04-08,28.86,44343303
2021-04-09,28.49,35342816
2021-04-12,28.05,21527154
2021-04-13,27.9,18358851
2021-04-14,27.3,39504422
2021-04-15,27.68,28758233
2021-04-16,27.76,21629542
2021-04-19,28.07,27674871
2021-04-20,27.4,34750628
2021-04-21,27.75,42313908
2021-04-22,27.34,27848344
2021-04-23,27.35,15568381
2021-04-26,26.81,32401620
2021-04-27,26.37,35062279
2021-04-28,26.54,27005919
2021-04-29,26.25,43943685
2021-04-30,26.1,34137593
2021-05-03,25.56,31095028
2021-05-04,24.86,50792559
2021-05-05,24.79,37945376
2021-05-06,25.08,37540222
2021-05-07,25.24,25319811
2021-05-10,25.22,34088768
2021-05-11,25.52,34651804
2021-05-12,25.72,24041434
2021-05-13,25.75,43419144
2021-05-14,25.95,34770592
2021-05-17,26.18,41041465
2021-05-18,25.79,45466057
2021-05-19,25.87,30539419
2021-05-20,26.03,27058044
2021-05-21,26.02,32208961
2021-05-24,25.72,42454034
2021-05-25,25.92,41091664
2021-05-26,26.17,29889428
2021-05-27,26.65,30668232
2021-05-28,26.21,28885185
2021-06-01,25.74,21225033
2021-06-02,25.77,21967899
2021-06-03,25.68,21596835
2021-06-04,25.89,25853702
2021-06-07,25.29,60204296
2021-06-08,25.15,17670260
2021-06-09,24.92,44326114
2021-06-10,25.53,48092273
2021-06-11,25.84,29301656
2021-06-14,25.55,29582195
2021-06-15,25.3,25353809
2021-06-16,26.09,64132808
2021-06-17,26.15,28279353
2021-06-18,25.77,24965231
2021-06-21,26.16,23139989
2021-06-22,26.43,25422519
2021-06-23,26.24,52351700
2021-06-24,26.35,25823250
2021-06-25,26.51,23269181
2021-06-28,26.62,38076616
2021-06-29,26.79,36024271
2021-06-30,27.44,30531720
2021-07-01,27.25,16609161
2021-07-02,27.09,32681319
2021-07-06,27.43,55031941
2021-07-07,27.85,22960716
2021-07-08,26.58,67060921
2021-07-09,27.06,17988962
2021-07-12,26.93,36855801
2021-07-13,26.97,23916657
2021-07-14,27.17,20717007
2021-07-15,27.56,40446778
2021-07-16,27.59,26811483
2021-07-19,27.02,22525451
2021-07-20,27.16,25613013
2021-07-21,28.38,48149544
2021-07-22,28.29,31878790
2021-07-23,27.77,24072806
2021-07-26,28.42,48400757
2021-07-27,28.88,29049902
2021-07-28,28.21,28842194
2021-07-29,28.6,49433732
2021-07-30,28.01,36373919
2021-08-02,27.97,38931234
2021-08-03,28.0,26641477
2021-08-04,28.05,37819256
2021-08-05,27.44,46554342
2021-08-06,27.94,31981676
2021-08-09,28.45,37958752
2021-08-10,28.1,19595301
2021-08-11,28.02,34418802
2021-08-12,27.83,32336711
2021-08-13,27.95,23847873
2021-08-16,28.07,20394137
2021-08-17,28.26,24765698
2021-08-18,28.06,47092585
2021-08-19,27.63,33295388
2021-08-20,27.68,20081027
2021-08-23,27.18,18753827
2021-08-24,26.77,25179008
2021-08-25,27.04,36750397
2021-08-26,27.85,62846885
2021-08-27,27.62,20970865
2021-08-30,27.85,26358500
2021-08-31,27.51,16648888
2021-09-01,27.42,25013507
2021-09-02,27.09,25227984
2021-09-03,26.26,19996061
2021-09-07,25.95,30198588
2021-09-08,26.21,25225956
2021-09-09,26.0,27307290
2021-09-10,26.67,33590117
2021-09-13,25.75,32485335
2021-09-14,25.6,22398796
2021-09-15,25.22,46161891
2021-09-16,24.74,30063318
2021-09-17,24.47,33288171
2021-09-20,24.13,26595065
2021-09-21,24.41,23304516
2021-09-22,24.01,28770861
2021-09-23,24.44,50265590
2021-09-24,23.73,62330742
2021-09-27,23.47,23286178
2021-09-28,23.31,28201321
2021-09-29,23.28,32001662
2021-09-30,23.79,31047038
2021-10-01,24.35,30425264
2021-10-04,23.94,40198840
2021-10-05,23.27,49092165
2021-10-06,23.85,35211227
2021-10-07,25.04,65108043
2021-10-08,25.55,29341887
2021-10-11,25.87,27059770
2021-10-12,25.75,23017952
2021-10-13,25.35,33843504
2021-10-14,25.7,39601577
2021-10-15,25.58,14525068
2021-10-18,25.75,50419562
2021-10-19,25.95,17680311
2021-10-20,26.55,23448549
2021-10-21,27.78,67742530
2021-10-22,27.23,60141693
2021-10-25,27.64,42938510
2021-10-26,28.16,38764826
2021-10-27,28.45,30127594
2021-10-28,28.35,29435563
2021-10-29,27.22,40647657
2021-11-01,28.11,53403999
2021-11-02,28.82,53982389
2021-11-03,28.57,41644965
2021-11-04,28.64,18086990
2021-11-05,28.66,25164167
2021-11-08,28.43,39326399
2021-11-09,28.86,31200279
2021-11-10,27.82,49396857
2021-11-11,28.5,34108170
2021-11-12,28.94,45948154
2021-11-15,28.6,22678954
2021-11-16,29.01,23186747
2021-11-17,29.01,21892477
2021-11-18,29.48,47176861
2021-11-19,28.97,35488967
2021-11-22,28.43,20273790
2021-11-23,28.44,15888179
2021-11-24,29.03,39860780
2021-11-26,30.22,42403980
2021-11-29,30.07,18141583
2021-11-30,29.89,30562881
2021-12-01,29.92,14777233
2021-12-02,30.03,25173822
2021-12-03,29.9,23459745
2021-12-06,30.27,20133484
2021-12-07,30.19,15121609
2021-12-08,29.7,40905982
2021-12-09,28.78,70655081
2021-12-10,29.12,27273794
2021-12-13,29.46,22646961
2021-12-14,30.08,27742334
2021-12-15,30.03,18565616
2021-12-16,30.17,27250303
2021-12-17,29.98,20680479
2021-12-20,30.23,35235423
2021-12-21,30.92,26435245
2021-12-22,31.48,23542229
2021-12-23,30.97,22142441
2021-12-27,30.94,32247119
2021-12-28,31.42,31539631
2021-12-29,30.89,41609843
2021-12-30,31.25,23004261
2021-12-31,31.2,23957574
2022-01-03,31.92,25900038
2022-01-04,32.07,17159801
2022-01-05,31.61,29698747
2022-01-06,31.69,17279860
2022-01-07,31.45,40571074
2022-01-10,32.33,50814867
2022-01-11,32.33,17252723
2022-01-12,32.63,39163761
2022-01-13,33.23,44995607
2022-01-14,33.29,16656476
2022-01-18,32.7,26507848
2022-01-19,31.9,27399702
2022-01-20,31.69,36995453
2022-01-21,32.28,23466062
2022-01-24,32.17,39853662
2022-01-25,32.14,19920191
2022-01-26,31.95,28732080
2022-01-27,32.18,14681256
2022-01-28,31.52,32082126
2022-01-31,30.92,27781880
2022-02-01,31.19,38850000
2022-02-02,30.87,20255155
2022-02-03,30.26,53791968
2022-02-04,29.86,25187164
2022-02-07,30.22,22210961
2022-02-08,30.27,15372173
2022-02-09,30.17,28673240
2022-02-10,30.57,16963357
2022-02-11,30.37,20376021
2022-02-14,30.96,52761462
2022-02-15,31.48,25304341
2022-02-16,31.31,29923595
2022-02-17,31.35,28944353
2022-02-18,30.66,24232532
2022-02-22,30.63,31447222
2022-02-23,30.59,36013209
2022-02-24,31.17,22653685
2022-02-25,31.3,17649232
2022-02-28,31.24,23483123
2022-03-01,31.13,47124698
2022-03-02,31.32,35184026
2022-03-03,31.89,35214150
2022-03-04,31.66,21927122
2022-03-07,31.82,31923825
2022-03-08,32.0,28949047
2022-03-09,31.91,16071676
2022-03-10,32.46,53634879
2022-03-11,32.12,38816211
2022-03-14,32.44,35142652
2022-03-15,32.01,24889699
2022-03-16,31.55,25367523
2022-03-17,31.87,26998665
2022-03-18,31.26,20793370
2022-03-21,31.18,32263697
2022-03-22,31.41,23570148
2022-03-23,31.76,27728047
2022-03-24,31.36,16334410
2022-03-25,31.27,36805233
2022-03-28,31.31,32057972
2022-03-29,31.12,28824065
2022-03-30,31.55,18769645
2022-03-31,31.18,19589788
2022-04-01,31.28,31594474
2022-04-04,31.08,26234664
2022-04-05,30.97,29469305
2022-04-06,31.23,41241480
2022-04-07,31.55,28321545
2022-04-08,31.58,23763560
2022-04-11,31.32,20073663
2022-04-12,31.28,36800965
2022-04-13,31.24,21099438
2022-04-14,31.37,18710604
2022-04-18,31.19,21327429
2022-04-19,31.36,23184832
2022-04-20,31.42,17725059
2022-04-21,31.47,33481593
2022-04-22,31.66,19842686
2022-04-25,31.68,35811296
2022-04-26,32.44,28124528
2022-04-27,31.87,37967499
2022-04-28,31.88,38432714
2022-04-29,32.09,44294629
2022-05-02,32.51,46051290
2022-05-03,33.38,40541991
2022-05-04,33.42,31164401
2022-05-05,33.45,32472273
2022-05-06,33.28,43671378
2022-05-09,33.21,25842609
2022-05-10,33.06,23275632
2022-05-11,32.48,59003544
2022-05-12,32.28,36592859
2022-05-13,31.93,26385258
2022-05-16,31.33,21084039
2022-05-17,31.63,20170871
2022-05-18,31.74,24080085
2022-05-19,31.63,28169191
2022-05-20,31.83,20697087
2022-05-23,32.0,20134591
2022-05-24,31.79,37447727
2022-05-25,31.47,37298260
2022-05-26,31.12,34665931
2022-05-27,30.86,24047252
2022-05-31,30.75,23391509
2022-06-01,30.86,18164886
2022-06-02,31.28,55607289
2022-06-03,31.23,26685486
2022-06-06,31.6,22123421
2022-06-07,31.45,27569425
2022-06-08,31.37,20427661
2022-06-09,31.52,22823596
2022-06-10,31.53,26816534
2022-06-13,31.93,18765960
2022-06-14,31.8,34092955
2022-06-15,31.1,49571815
2022-06-16,31.74,47072867
2022-06-17,31.37,41005987
2022-06-21,31.57,17101862
2022-06-22,31.57,22906246
2022-06-23,31.47,21368443
2022-06-24,31.71,44266215
2022-06-27,31.41,32891792
2022-06-28,30.98,29102325
2022-06-29,31.21,27462033
2022-06-30,31.49,25164910
2022-07-01,31.2,36135960
2022-07-05,30.49,20258920
2022-07-06,30.42,30642811
2022-07-07,30.58,33209084
2022-07-08,31.02,42738335
2022-07-11,31.01,36809806
2022-07-12,31.19,18316101
2022-07-13,31.02,44135279
2022-07-14,31.06,29186715
2022-07-15,30.84,29466251
2022-07-18,30.8,11435349
2022-07-19,30.76,46993359
2022-07-20,30.11,27812622
2022-07-21,30.01,22541167
2022-07-22,29.6,36606345
2022-07-25,30.19,27831930
2022-07-26,29.98,23277096
2022-07-27,29.92,16148554
2022-07-28,30.03,15431751
2022-07-29,30.05,42165153
2022-08-01,30.5,24238533
2022-08-02,30.34,36605692
2022-08-03,30.14,34210337
2022-08-04,30.15,27672354
2022-08-05,29.85,38814748
2022-08-08,29.64,26262762
2022-08-09,29.85,29991605
2022-08-10,29.34,20424926
2022-08-11,29.8,33029616
2022-08-12,29.85,18992309
2022-08-15,29.83,43411454
2022-08-16,29.89,38359642
2022-08-17,29.98,15116044
2022-08-18,29.95,35228903
2022-08-19,30.07,16195098
2022-08-22,30.37,25259372
2022-08-23,30.41,27870070
2022-08-24,31.06,34698867
2022-08-25,30.87,21763779
2022-08-26,30.83,25156850
2022-08-29,31.11,32343468
2022-08-30,31.8,46674768
2022-08-31,32.11,33519773
2022-09-01,31.78,16571446
2022-09-02,31.79,17663717
2022-09-06,32.32,36084552
2022-09-07,32.23,21388111
2022-09-08,31.84,36719964
2022-09-09,32.19,17244444
2022-09-12,31.38,23387195
2022-09-13,31.52,23472094
2022-09-14,31.29,31126012
2022-09-15,31.51,20820685
2022-09-16,31.37,20990255
2022-09-19,31.15,34862994
2022-09-20,31.99,41412470
2022-09-21,31.89,31507261
2022-09-22,32.14,33292286
2022-09-23,32.12,22614065
2022-09-26,32.19,32151717
2022-09-27,32.34,18335400
2022-09-28,32.88,57464884
2022-09-29,32.9,48688298
2022-09-30,33.0,28845501
2022-10-03,33.74,30906508
2022-10-04,34.41,46938882
2022-10-05,34.32,24623970
2022-10-06,34.93,26155067
2022-10-07,35.09,30742721
2022-10-10,34.85,21152324
2022-10-11,34.8,21947209
2022-10-12,35.39,39455207
2022-10-13,35.34,29789456
2022-10-14,35.5,21479856
2022-10-17,35.83,35647860
2022-10-18,36.19,30233655
2022-10-19,35.41,62551537
2022-10-20,35.64,30236884
2022-10-21,34.5,49822491
2022-10-24,33.97,47816292
2022-10-25,33.79,46400864
2022-10-26,34.03,27642335
2022-10-27,33.45,30013578
2022-10-28,33.81,16575248
2022-10-31,34.05,39128458
2022-11-01,34.25,23710185
2022-11-02,33.93,35086950
2022-11-03,33.85,42036004
2022-11-04,34.73,64770001
2022-11-07,34.79,22734331
2022-11-08,34.61,28477863
2022-11-09,35.57,41163375
2022-11-10,34.88,26961378
2022-11-11,35.15,22995772
2022-11-14,34.72,28961507
2022-11-15,35.42,20643288
2022-11-16,36.05,31019875
2022-11-17,36.73,39171846
2022-11-18,36.62,22235127
2022-11-21,36.44,22719134
2022-11-22,36.04,22783649
2022-11-23,36.12,23695470
2022-11-25,35.81,37641231
2022-11-28,35.95,31967062
2022-11-29,35.09,42215594
2022-11-30,35.53,45930315
2022-12-01,35.91,26574750
2022-12-02,35.69,29603393
2022-12-05,36.01,26627336
2022-12-06,36.91,32086170
2022-12-07,36.39,64453700
2022-12-08,36.22,22329661
2022-12-09,36.8,28484343
2022-12-12,36.31,31382855
2022-12-13,36.31,22333360
2022-12-14,36.52,26035712
2022-12-15,36.0,32783735
2022-12-16,35.28,27755885
2022-12-19,35.63,51226299
2022-12-20,36.38,27208283
2022-12-21,36.08,26513443
2022-12-22,35.16,31711423
2022-12-23,35.12,20444235
2022-12-27,35.34,32788088
2022-12-28,35.38,34788650
2022-12-29,35.02,28509872
2022-12-30,35.39,25057478
2023-01-03,36.4,38504050
2023-01-04,36.69,29073281
2023-01-05,36.21,15865068
2023-01-06,35.96,41836061
2023-01-09,34.86,53703742
2023-01-10,34.5,39793995
2023-01-11,34.14,29633756
2023-01-12,35.24,44269266
2023-01-13,36.35,50147239
2023-01-17,35.47,27545596
2023-01-18,36.07,43098835
2023-01-19,35.17,44646846
2023-01-20,34.41,38983321
2023-01-23,34.46,17259457
2023-01-24,35.7,53297015
2023-01-25,36.01,19418103
2023-01-26,35.59,25232251
2023-01-27,35.04,30358627
2023-01-30,35.81,34883684
2023-01-31,36.68,28725249
2023-02-01,36.93,12581930
2023-02-02,36.61,29142673
2023-02-03,36.38,16859880
2023-02-06,35.43,28501380
2023-02-07,35.07,36100895
2023-02-08,35.36,26824695
2023-02-09,34.41,41302272
2023-02-10,34.59,34393888
2023-02-13,33.99,24491805
2023-02-14,34.74,26856883
2023-02-15,33.92,38533726
2023-02-16,33.69,23089068
2023-02-17,33.54,25751534
2023-02-21,33.76,20692247
2023-02-22,33.84,13978104
2023-02-23,33.79,19868701
2023-02-24,33.33,32798842
2023-02-27,33.97,34947935
2023-02-28,34.67,27769617
2023-03-01,35.52,30101321
2023-03-02,35.24,37111385
2023-03-03,35.12,33527825
2023-03-06,35.15,31650276
2023-03-07,34.52,47067835
2023-03-08,34.13,19682586
2023-03-09,34.18,15575324
2023-03-10,34.06,28798697
2023-03-13,33.23,22174941
2023-03-14,32.38,34732227
2023-03-15,32.8,39205033
2023-03-16,32.55,38297413
2023-03-17,31.81,34523305
2023-03-20,31.36,41977317
2023-03-21,31.6,29168402
2023-03-22,32.28,39184319
2023-03-23,32.81,34959691
2023-03-24,32.4,28600707
2023-03-27,31.61,24442752
2023-03-28,32.24,41986038
2023-03-29,33.15,37372449
2023-03-30,31.59,50267348
2023-03-31,31.17,48066605
2023-04-03,31.49,22065001
2023-04-04,32.03,18586824
2023-04-05,31.06,22487524
2023-04-06,31.3,35913906
2023-04-10,31.75,21375369
2023-04-11,30.77,42798097
2023-04-12,30.34,27134050
2023-04-13,30.09,21108686
2023-04-14,29.93,38991215
2023-04-17,30.63,33900310
2023-04-18,30.86,35632702
2023-04-19,30.54,27682839
2023-04-20,30.73,32862675
2023-04-21,30.66,24737813
2023-04-24,30.51,23791200
2023-04-25,31.32,55221087
2023-04-26,31.09,27704245
2023-04-27,31.09,29980479
2023-04-28,31.95,49309813
2023-05-01,31.61,16781062
2023-05-02,32.08,19587843
2023-05-03,32.02,38322905
2023-05-04,31.91,21154071
2023-05-05,32.28,34699445
2023-05-08,32.27,20023274
2023-05-09,32.69,63556208
2023-05-10,32.74,38306340
2023-05-11,32.94,29279317
2023-05-12,32.49,45388570
2023-05-15,32.24,28851715
2023-05-16,32.61,26932263
2023-05-17,33.28,50244055
2023-05-18,34.03,28480641
2023-05-19,35.42,41080541
2023-05-22,36.66,29960596
2023-05-23,36.0,40332710
2023-05-24,36.69,30682751
2023-05-25,35.61,68308367
2023-05-26,36.25,32010939
2023-05-30,35.76,25896118
2023-05-31,36.41,30011118
2023-06-01,36.09,26681748
2023-06-02,35.8,33303130
2023-06-05,32.95,63271221
2023-06-06,33.9,44504712
2023-06-07,34.45,35449645
2023-06-08,34.85,40933455
2023-06-09,35.42,24395472
2023-06-12,36.17,29785364
2023-06-13,35.71,34393744
2023-06-14,36.98,42995752
2023-06-15,36.91,28300589
2023-06-16,36.15,59004936
2023-06-20,36.84,36277520
2023-06-21,37.96,37127144
2023-06-22,37.92,37180656
2023-06-23,37.69,14411262
2023-06-26,38.07,27374505
2023-06-27,38.35,34522604
2023-06-28,38.88,18930362
2023-06-29,38.78,22673977
2023-06-30,38.54,27357668
2023-07-03,39.33,42527951
2023-07-05,40.5,21919300
2023-07-06,40.42,11652974
2023-07-07,39.35,50485577
2023-07-10,41.17,80961066
2023-07-11,41.15,30577201
2023-07-12,41.55,23222229
2023-07-13,41.56,22281846
2023-07-14,42.21,28114266
2023-07-17,43.49,57964955
2023-07-18,44.41,24772270
2023-07-19,42.94,44369130
2023-07-20,43.14,36801925
2023-07-21,43.65,39296140
2023-07-24,43.61,23844448
2023-07-25,43.62,35830712
2023-07-26,43.59,24424272
2023-07-27,43.88,36966215
2023-07-28,43.11,29135461
2023-07-31,42.76,16790202
2023-08-01,42.0,38408590
2023-08-02,43.74,43325389
2023-08-03,42.75,24696352
2023-08-04,42.48,22802440
2023-08-07,42.91,22959544
2023-08-08,43.69,50947308
2023-08-09,43.7,26101516
2023-08-10,42.75,37816817
2023-08-11,43.77,42782973
2023-08-14,43.65,37539264
2023-08-15,45.14,55846350
2023-08-16,45.31,57129944
2023-08-17,45.66,37266399
2023-08-18,45.83,22629619
2023-08-21,46.96,32892371
2023-08-22,46.0,54490186
2023-08-23,46.97,23331172
2023-08-24,46.15,23594087
2023-08-25,46.63,34139451
2023-08-28,46.35,33399842
2023-08-29,47.16,23503277
2023-08-30,46.74,35709838
2023-08-31,47.24,13596018
2023-09-01,46.59,29147639
2023-09-05,45.95,30861324
2023-09-06,45.57,32186553
2023-09-07,45.28,30514702
2023-09-08,45.94,22537517
2023-09-11,45.9,33461464
2023-09-12,46.63,39302218
2023-09-13,47.77,36743885
2023-09-14,48.21,29818538
2023-09-15,48.21,23414988
2023-09-18,48.72,29886763
2023-09-19,49.55,25346661
2023-09-20,48.74,26307897
2023-09-21,47.99,35948386
2023-09-22,47.45,30233683
2023-09-25,47.52,42797247
2023-09-26,47.49,17878739
2023-09-27,47.79,21309230
2023-09-28,47.28,38411487
2023-09-29,47.59,20316575
2023-10-02,48.52,24634548
2023-10-03,47.76,22933249
2023-10-04,46.89,35523476
2023-10-05,47.27,21706888
2023-10-06,47.99,44244260
2023-10-09,48.9,27905501
2023-10-10,48.03,53596177
2023-10-11,47.99,36080337
2023-10-12,48.83,24868475
2023-10-13,47.57,63261354
2023-10-16,48.8,43578529
2023-10-17,49.51,41736072
2023-10-18,49.76,20617518
2023-10-19,51.71,32207892
2023-10-20,52.72,26172215
2023-10-23,54.12,33758232
2023-10-24,53.73,46097664
2023-10-25,53.24,42763002
2023-10-26,52.71,36586562
2023-10-27,52.85,21736240
2023-10-30,53.15,19077071
2023-10-31,55.13,26553035
2023-11-01,54.52,34891033
2023-11-02,52.38,22303860
2023-11-03,53.28,36281544
2023-11-06,53.02,29710130
2023-11-07,52.27,21366300
2023-11-08,51.59,19800737
2023-11-09,53.03,40879141
2023-11-10,53.11,26346309
2023-11-13,55.38,35294245
2023-11-14,54.62,30196802
2023-11-15,54.59,15748942
2023-11-16,54.95,20098956
2023-11-17,55.09,29258800
2023-11-20,54.72,25554744
2023-11-21,55.92,38165081
2023-11-22,56.52,24802983
2023-11-24,57.35,47023204
2023-11-27,56.61,38977283
2023-11-28,56.87,18194864
2023-11-29,54.63,45316259
2023-11-30,56.38,43683202
2023-12-01,57.99,47430456
2023-12-04,58.4,28037980
2023-12-05,56.79,18032756
2023-12-06,57.65,33411578
2023-12-07,57.25,25240448
2023-12-08,58.63,25914904
2023-12-11,57.28,21370092
2023-12-12,57.75,38663190
2023-12-13,55.78,40476473
2023-12-14,55.23,20866522
2023-12-15,57.62,48769384
2023-12-18,57.63,17769419
2023-12-19,59.43,46739144
2023-12-20,61.03,48909632
2023-12-21,61.24,27645733
2023-12-22,59.84,29334695
2023-12-26,59.33,18486581
2023-12-27,59.91,17848736
2023-12-28,59.74,32796203
2023-12-29,58.63,71523684
2024-01-02,58.47,14505745
2024-01-03,58.82,29082852
2024-01-04,56.03,47259922
2024-01-05,56.01,27405141
2024-01-08,55.36,37140965
2024-01-09,55.81,17733294
2024-01-10,55.89,24105797
2024-01-11,55.66,34892058
2024-01-12,55.53,33318781
2024-01-16,55.76,32248261
2024-01-17,54.68,39096118
2024-01-18,56.11,36033778
2024-01-19,55.05,36064008
2024-01-22,56.01,29691497
2024-01-23,55.32,29231943
2024-01-24,56.67,41839144
2024-01-25,55.37,60616506
2024-01-26,54.67,33479036
2024-01-29,54.59,26774266
2024-01-30,55.17,18203313
2024-01-31,55.31,29740178
2024-02-01,55.73,32528012
2024-02-02,54.21,33249045
2024-02-05,55.68,31518893
2024-02-06,56.66,41295092
2024-02-07,56.9,30603115
2024-02-08,55.74,48351693
2024-02-09,56.19,19490200
2024-02-12,56.23,15264071
2024-02-13,55.16,29711727
2024-02-14,56.69,30938510
2024-02-15,56.84,24502190
2024-02-16,56.74,26183707
2024-02-20,57.05,38457909
2024-02-21,56.1,28836800
2024-02-22,55.89,19192732
2024-02-23,57.71,43506331
2024-02-26,58.23,29383379
2024-02-27,58.02,17178191
2024-02-28,56.94,32576868
2024-02-29,58.2,32441891
2024-03-01,58.26,24690458
2024-03-04,58.3,30328527
2024-03-05,58.87,17588698
2024-03-06,57.9,33938574
2024-03-07,56.74,59048146
2024-03-08,56.29,21392097
2024-03-11,55.7,40709709
2024-03-12,54.84,46096621
2024-03-13,54.7,18542628
2024-03-14,55.01,22779425
2024-03-15,54.07,33809179
2024-03-18,54.91,41595995
2024-03-19,53.14,28750000
2024-03-20,52.83,24864013
2024-03-21,53.55,63506551
2024-03-22,51.62,29201316
2024-03-25,52.08,16726926
2024-03-26,52.26,21123412
2024-03-27,50.88,23747867
2024-03-28,51.36,33213808
2024-04-01,50.47,28690250
2024-04-02,50.8,22239805
2024-04-03,49.74,37930889
2024-04-04,50.73,22322631
2024-04-05,51.55,24529849
2024-04-08,50.98,27804037
2024-04-09,50.82,27854936
2024-04-10,50.18,30095279
2024-04-11,48.98,27764847
2024-04-12,50.74,53384420
2024-04-15,50.41,25161290
2024-04-16,51.09,26551770
2024-04-17,50.16,49467271
2024-04-18,50.09,39049031
2024-04-19,49.89,46720857
2024-04-22,50.63,40721235
2024-04-23,51.31,15554595
2024-04-24,50.56,77127447
2024-04-25,50.84,29957622
2024-04-26,50.08,18902395
2024-04-29,48.34,55537786
2024-04-30,48.04,26717384
2024-05-01,47.19,32858058
2024-05-02,46.96,34366418
2024-05-03,45.86,30351593
2024-05-06,46.89,41340565
2024-05-07,47.21,33935852
2024-05-08,49.65,58588746
2024-05-09,46.58,72001953
2024-05-10,47.42,21854470
2024-05-13,49.28,50165546
2024-05-14,47.93,42567435
2024-05-15,47.41,23002583
2024-05-16,47.49,31359758
2024-05-17,49.18,63632170
2024-05-20,48.97,20320876
2024-05-21,48.73,23293400
2024-05-22,49.31,24515521
2024-05-23,49.79,30102024
2024-05-24,50.56,35905135
2024-05-28,50.8,29510191
2024-05-29,50.6,29925573
2024-05-30,50.45,16306010
2024-05-31,50.59,18656126
2024-06-03,52.55,52929230
2024-06-04,50.59,44289243
2024-06-05,50.38,41393012
2024-06-06,48.65,45580738
2024-06-07,49.76,39904533
2024-06-10,49.65,51145300
2024-06-11,49.58,27799318
2024-06-12,50.3,22512040
2024-06-13,49.45,25641017
2024-06-14,49.94,44132035
2024-06-17,50.73,25663434
2024-06-18,49.98,27760098
2024-06-20,50.28,24137864
2024-06-21,49.48,19968340
2024-06-24,49.82,18492258
2024-06-25,50.68,40329472
2024-06-26,49.85,41966347
2024-06-27,49.37,30821090
2024-06-28,49.28,23884929
2024-07-01,49.14,32109550
2024-07-02,49.23,32250319
2024-07-03,50.65,51737120
2024-07-05,49.97,34949831
2024-07-08,49.99,23222526
2024-07-09,50.97,44967598
2024-07-10,50.52,15751662
2024-07-11,51.24,39192268
2024-07-12,50.26,19321542
2024-07-15,50.58,25586464
2024-07-16,53.44,58260947
2024-07-17,53.52,38827206
2024-07-18,52.91,28509287
2024-07-19,53.17,36266824
2024-07-22,53.09,18441795
2024-07-23,51.45,30973884
2024-07-24,52.39,43720510
2024-07-25,51.93,23370613
2024-07-26,52.75,23771954
2024-07-29,53.52,36063017
2024-07-30,53.61,16303800
2024-07-31,53.43,28820320
2024-08-01,52.9,26196140
2024-08-02,52.3,40532907
2024-08-05,51.39,22750699
2024-08-06,50.71,47424262
2024-08-07,50.11,32874405
2024-08-08,49.59,29642391
2024-08-09,50.45,38210003
2024-08-12,49.88,25722290
2024-08-13,49.33,26514876
2024-08-14,51.74,64383323
2024-08-15,51.46,26038280
2024-08-16,51.99,25542645
2024-08-19,52.31,21005754
2024-08-20,51.1,39046191
2024-08-21,53.14,33845413
2024-08-22,54.88,25336363
2024-08-23,54.79,34495799
2024-08-26,54.17,48937568
2024-08-27,55.07,32770479
2024-08-28,56.71,30852268
2024-08-29,57.36,39657620
2024-08-30,59.76,77110653
2024-09-03,57.89,50355591
2024-09-04,60.85,55324329
2024-09-05,62.13,41269377
2024-09-06,61.68,27747098
2024-09-09,61.53,22023607
2024-09-10,60.11,31721845
2024-09-11,59.34,38710380
2024-09-12,59.32,31232921
2024-09-13,59.18,34477313
2024-09-16,57.92,53577695
2024-09-17,58.92,38594488
2024-09-18,58.74,24544804
2024-09-19,58.29,32970542
2024-09-20,56.56,33396624
2024-09-23,59.68,36559316
2024-09-24,58.35,37598653
2024-09-25,58.74,13566832
2024-09-26,59.27,14671294
2024-09-27,59.34,19781282
2024-09-30,57.63,34111276
2024-10-01,57.57,28463068
2024-10-02,57.21,29453478
2024-10-03,56.18,27927352
2024-10-04,54.15,47250274
2024-10-07,51.29,55559237
2024-10-08,50.92,22640027
2024-10-09,51.34,30098670
2024-10-10,51.83,18317574
2024-10-11,52.58,27312509
2024-10-14,53.48,30704343
2024-10-15,54.13,32116101
2024-10-16,56.26,27321228
2024-10-17,56.18,16357141
2024-10-18,57.65,43333211
2024-10-21,56.62,34178559
2024-10-22,57.16,24841828
2024-10-23,57.83,24905530
2024-10-24,57.58,25997686
2024-10-25,58.5,24826119
2024-10-28,58.72,17729998
2024-10-29,57.54,30216141
2024-10-30,57.58,28622104
2024-10-31,55.9,60181378
2024-11-01,56.88,26862005
2024-11-04,57.7,33704595
2024-11-05,56.87,21410066
2024-11-06,58.5,53695734
2024-11-07,57.3,73378486
2024-11-08,55.47,64530744
2024-11-11,55.1,28738487
2024-11-12,57.53,79613367
2024-11-13,57.3,22595345
2024-11-14,56.4,46342508
2024-11-15,55.72,23328316
2024-11-18,54.39,58671344
2024-11-19,55.14,39805621
2024-11-20,54.73,29738170
2024-11-21,53.33,23826638
2024-11-22,52.92,40030675
2024-11-25,52.91,19420975
2024-11-26,53.13,30364822
2024-11-27,52.38,34626571
2024-11-29,53.66,27380733
2024-12-02,55.24,45405072
2024-12-03,52.66,47571679
2024-12-04,52.97,28747995
2024-12-05,52.99,30727766
2024-12-06,52.39,36185791
2024-12-09,53.36,33604665
2024-12-10,52.74,26433662
2024-12-11,53.67,23326772
2024-12-12,53.62,16823769
2024-12-13,55.51,55848321
2024-12-16,55.35,23612502
2024-12-17,55.68,30524973
2024-12-18,54.97,20934688
2024-12-19,54.26,18999596
2024-12-20,53.94,14243860
2024-12-23,53.33,31022130
2024-12-24,53.58,23650942
2024-12-26,53.04,22666813
2024-12-27,53.06,17614316
2024-12-30,52.06,32944212
2024-12-31,51.43,37889976
2025-01-02,50.96,35652623
2025-01-03,52.21,36567463
2025-01-06,53.49,22727162
2025-01-07,52.63,38042375
2025-01-08,54.29,23195284
2025-01-10,55.2,32040960
2025-01-13,54.73,15688884
2025-01-14,55.06,20196082
2025-01-15,55.19,29620025
2025-01-16,54.53,39399431
2025-01-17,55.27,25219900
2025-01-21,54.52,27046923
2025-01-22,53.91,37459796
2025-01-23,53.92,37660244
2025-01-24,54.78,37001368
2025-01-27,54.73,17486239
2025-01-28,55.58,48309420
2025-01-29,55.37,17886373
2025-01-30,55.53,53186824
2025-01-31,54.03,38518223
2025-02-03,53.96,36886223
2025-02-04,53.68,24510369
2025-02-05,53.11,48270277
2025-02-06,53.85,33530044
2025-02-07,53.3,26863977
2025-02-10,53.32,27037049
2025-02-11,52.51,28917658
2025-02-12,52.36,60503733
2025-02-13,52.02,28890092
2025-02-14,52.15,14807892
2025-02-18,52.64,26653590
2025-02-19,52.7,17619344
2025-02-20,52.12,30607023
2025-02-21,51.6,28064235
2025-02-24,52.14,40609189
2025-02-25,51.47,27341392
2025-02-26,51.17,31026048
2025-02-27,50.88,19705247
2025-02-28,51.47,30175821
2025-03-03,50.05,33292192
2025-03-04,49.1,32231073
2025-03-05,47.97,38419625
2025-03-06,47.76,19287864
2025-03-07,48.23,21296802
2025-03-10,47.36,21667828
2025-03-11,47.54,17841055
2025-03-12,47.11,46382138
2025-03-13,47.16,38285189
2025-03-14,48.01,28155816
2025-03-17,47.43,32867438
2025-03-18,48.12,27443937
2025-03-19,47.17,30336711
2025-03-20,47.37,54098184
2025-03-21,47.93,20646235
2025-03-24,47.67,37028244
2025-03-25,47.72,30744098
2025-03-26,47.13,40111215
2025-03-27,48.37,73995998
2025-03-28,48.89,29736687
2025-03-31,48.33,24234951
2025-04-01,48.01,34513723
2025-04-02,47.36,19023778
2025-04-03,47.55,22645009
2025-04-04,47.14,32788564
2025-04-07,46.54,36140610
2025-04-08,46.58,28136626
2025-04-09,47.44,21689202
2025-04-10,46.62,42601940
2025-04-11,47.54,34268947
2025-04-14,46.95,25717888
2025-04-15,46.79,40783571
2025-04-16,46.63,25508095
2025-04-17,46.62,20184901
2025-04-21,45.87,27885118
2025-04-22,46.06,26011542
2025-04-23,45.87,22248628
2025-04-24,46.17,30150818
2025-04-25,44.95,36241212
2025-04-28,45.28,29918758
2025-04-29,45.14,20231999
2025-04-30,45.76,25060450
2025-05-01,45.43,32004702
2025-05-02,44.54,33072827
2025-05-05,44.68,28860390
2025-05-06,44.52,23548439
2025-05-07,45.35,22278416
2025-05-08,46.08,46825628
2025-05-09,46.94,54472514
2025-05-12,47.45,55200782
2025-05-13,47.53,27037750
2025-05-14,47.12,28858763
2025-05-15,46.26,35717137
2025-05-16,46.1,31122967
2025-05-19,45.96,48938513
2025-05-20,45.26,62807632
2025-05-21,45.18,32014397
2025-05-22,44.98,29747445
2025-05-23,45.2,40605216
2025-05-27,44.79,18112846
2025-05-28,45.55,28240448
2025-05-29,46.92,27728337
2025-05-30,47.19,36506034
2025-06-02,47.04,22043091
2025-06-03,46.52,38119938
2025-06-04,45.85,53590162
2025-06-05,45.73,16389248
2025-06-06,45.73,25115453
2025-06-09,46.02,23498082
2025-06-10,46.3,41109710
2025-06-11,46.14,38044177
2025-06-12,45.56,29150142
2025-06-13,45.31,53367803
2025-06-16,44.23,42237536
2025-06-17,43.98,30330445
2025-06-18,43.91,35001473
2025-06-20,43.75,26384618
2025-06-23,44.26,22915639
2025-06-24,44.5,21947088
2025-06-25,44.53,13147562
2025-06-26,45.5,65101561
2025-06-27,46.09,52635061
2025-06-30,46.46,12129757
2025-07-01,45.88,30670200
2025-07-02,45.77,13495872
2025-07-03,45.54,24624365
2025-07-07,44.63,52177854
2025-07-08,45.44,30693493
2025-07-09,45.93,41593454
2025-07-10,45.94,18062670
2025-07-11,45.39,23338583
2025-07-14,45.13,45385753
2025-07-15,44.28,23766543
2025-07-16,44.53,29068305
2025-07-17,44.41,43213927
2025-07-18,44.55,33693622
2025-07-21,43.95,29634779
2025-07-22,43.1,24864011
2025-07-23,43.2,25849799
2025-07-24,43.71,37499805
2025-07-25,43.63,18816389
2025-07-28,43.0,26139839
2025-07-29,43.64,33047362
2025-07-30,43.22,31297621
2025-07-31,43.83,18400124
2025-08-01,44.58,44255559
2025-08-04,44.35,23029290
2025-08-05,44.09,22426592
2025-08-06,45.01,23346716
2025-08-07,45.28,20895288
2025-08-08,45.55,36739571
2025-08-11,44.72,46620938
2025-08-12,44.3,31969305
2025-08-13,44.15,32568269
2025-08-14,44.2,28183810
2025-08-15,44.68,32482033
2025-08-18,44.79,15790415
2025-08-19,43.96,27874020
2025-08-20,44.24,29325796
2025-08-21,44.69,22981512
2025-08-22,45.09,19004705
2025-08-25,44.81,19762480
2025-08-26,44.93,27649579
2025-08-27,45.12,27262866
2025-08-28,44.79,20467736
2025-08-29,43.95,35698025
2025-09-02,43.57,34710327
2025-09-03,43.7,39498942
2025-09-04,42.77,35571587
2025-09-05,42.81,39446236
2025-09-08,43.59,27232628
2025-09-09,43.71,20524164
2025-09-10,43.12,24496957
2025-09-11,44.14,35737657
2025-09-12,44.91,32603745
2025-09-15,45.45,31326570
2025-09-16,45.45,31760052
2025-09-17,44.67,20118998
2025-09-18,44.88,19933145
2025-09-19,45.06,26408614
2025-09-22,44.78,39695062
2025-09-23,44.2,28620658
2025-09-24,44.11,26842682
2025-09-25,44.61,43061237
2025-09-26,44.6,26575187
2025-09-29,44.2,38521424
2025-09-30,44.92,31594694
2025-10-01,44.08,31567702
2025-10-02,44.81,21245495
2025-10-03,44.71,20992833
2025-10-06,45.65,24197665
2025-10-07,45.41,31516754
2025-10-08,44.43,60316226
2025-10-09,43.81,23757085
2025-10-10,43.36,23391790
2025-10-13,42.94,36434269
2025-10-14,42.72,44458055
2025-10-15,42.78,29324655
2025-10-16,43.56,49051582
2025-10-17,44.0,33199596
2025-10-20,44.51,29498034
2025-10-21,44.65,23109743
2025-10-22,45.74,60752186
2025-10-23,44.51,45299323
2025-10-24,45.6,63373959
2025-10-27,46.66,50386879
2025-10-28,46.85,26052571
2025-10-29,45.79,26620219
2025-10-30,44.72,36978484
2025-10-31,45.35,33981389
2025-11-03,45.69,26328655
2025-11-04,45.24,30359317
2025-11-05,44.66,23411961
2025-11-06,44.86,28328773
2025-11-07,45.0,26570211
2025-11-10,43.73,42246036
2025-11-11,43.62,12390053
2025-11-12,44.45,23306958
2025-11-13,44.41,37614443
2025-11-14,43.68,37437590
2025-11-17,43.12,33007780
2025-11-18,42.96,25530488
2025-11-19,42.79,26521823
2025-11-20,42.85,24463272
2025-11-21,42.66,22486297
2025-11-24,42.54,21193228
2025-11-25,42.46,39696730
2025-11-26,42.34,24591566
2025-11-28,42.63,31619732
2025-12-01,42.87,30443784
2025-12-02,42.3,42027007
2025-12-03,42.78,18549690
2025-12-04,42.97,25457906
2025-12-05,43.63,40510626
2025-12-08,43.71,17570370
2025-12-09,43.31,22864788
2025-12-10,43.33,34874425
2025-12-11,43.18,13253990
2025-12-12,43.62,29024231
2025-12-15,43.42,26919086
2025-12-16,43.23,16177235
2025-12-17,42.87,36239002
2025-12-18,43.75,28043789
2025-12-19,44.32,46615457
2025-12-22,45.92,36450308
2025-12-23,45.89,41032454
2025-12-24,46.74,37048215
2025-12-26,45.86,25745758
2025-12-29,45.44,23628372
2025-12-30,45.47,33918402
2025-12-31,46.09,58096207
2026-01-02,45.53,18052940
2026-01-05,44.07,28892865
2026-01-06,43.37,26063511
2026-01-07,43.51,34541383
2026-01-08,43.98,54196658
2026-01-09,42.58,40014896
2026-01-12,42.37,20881997
2026-01-13,42.63,32510021
2026-01-14,41.9,32865452
2026-01-15,42.35,18565522
2026-01-16,43.15,45065078
2026-01-20,42.89,14868710
2026-01-21,42.06,41394662
2026-01-22,41.68,26778263
2026-01-23,42.49,39790761
2026-01-26,41.84,55312533
2026-01-27,41.47,20698562
2026-01-28,39.87,25154568
2026-01-29,39.38,39253111
2026-01-30,39.14,20516697
2026-02-02,40.16,36212837
2026-02-03,39.53,21984500
2026-02-04,40.14,25782789
2026-02-05,39.86,21458343
2026-02-06,39.32,19869680
2026-02-09,40.32,21852214
2026-02-10,40.19,24651131
2026-02-11,39.91,17370057
2026-02-12,38.79,28507325
2026-02-13,39.2,32962832
2026-02-17,39.39,38590363
2026-02-18,39.8,22430806
2026-02-19,40.14,27602571
2026-02-20,39.83,15491302
2026-02-23,40.98,57945508
2026-02-24,41.45,42605208
2026-02-25,41.16,31910400
2026-02-26,40.89,25551476
2026-02-27,40.12,30025022
2026-03-02,40.26,33225033
2026-03-03,39.68,24655194
2026-03-04,38.53,25890441
2026-03-05,37.96,22430242
2026-03-06,37.37,18735450
2026-03-09,38.03,34556882
2026-03-10,37.85,21857462
2026-03-11,38.02,31488460
2026-03-12,38.61,38636156
2026-03-13,38.27,38821082
2026-03-16,38.2,35081393
2026-03-17,37.06,38813809
2026-03-18,35.93,29807376
2026-03-19,36.9,39289339
2026-03-20,37.64,36331743
2026-03-23,37.0,37485139
2026-03-24,36.06,31227553
2026-03-25,35.47,40616872
2026-03-26,34.84,29673145
2026-03-27,34.97,27421768
2026-03-30,35.73,23112588
2026-03-31,35.65,35054841
2026-04-01,35.8,26068724
2026-04-02,36.72,51646777
2026-04-06,37.09,34506394
2026-04-07,37.45,25050387
2026-04-08,37.16,39799678
2026-04-09,35.5,49883273
2026-04-10,35.17,22098000
2026-04-13,35.53,21222247
2026-04-14,34.79,23741485
2026-04-15,35.21,21400145
2026-04-16,35.77,22248462
2026-04-17,35.58,23736969
2026-04-20,35.14,29517720
2026-04-21,34.91,31044928
2026-04-22,35.18,27306683
2026-04-23,35.09,46987686
2026-04-24,34.93,27977336
2026-04-27,35.25,28774188
2026-04-28,35.46,20939443
2026-04-29,36.16,23760344
2026-04-30,37.08,30518768
2026-05-01,36.58,23952274
2026-05-04,37.0,28017122
2026-05-05,36.64,27312350
2026-05-06,36.54,30477415
2026-05-07,36.09,54000255
2026-05-08,36.22,14701429
2026-05-11,36.34,29560749
2026-05-12,36.88,40806657
2026-05-13,37.49,31900065
2026-05-14,36.81,28782323
2026-05-15,37.18,23414669
2026-05-18,37.98,58828772
2026-05-19,37.98,19463547
2026-05-20,37.66,16587054
2026-05-21,38.37,44143001
2026-05-22,38.82,29885443
2026-05-26,39.23,19131147
2026-05-27,39.61,41338998
2026-05-28,40.19,26589271
2026-05-29,40.03,21949824
2026-06-01,38.81,49194901
2026-06-02,38.39,39179137
2026-06-03,37.87,35538981
2026-06-04,38.87,43594816
2026-06-05,38.45,34532888
2026-06-08,38.56,24966703
2026-06-09,38.1,27532723
2026-06-10,38.28,22386556
2026-06-11,38.84,29387249
2026-06-12,39.33,50775625
2026-06-15,40.51,31555125
2026-06-16,41.14,24297772
2026-06-17,40.94,25638965
2026-06-18,41.03,17241193
2026-06-22,40.77,18151472
2026-06-23,41.21,35233939
2026-06-24,41.24,29703073
2026-06-25,41.27,18476775
2026-06-26,41.89,27390062
2026-06-29,42.62,26048719
2026-06-30,42.66,16366706
2026-07-01,42.93,21040875
2026-07-02,42.26,41835609
2026-07-06,41.87,26169012
2026-07-07,41.55,15062871
2026-07-08,41.87,23079013
2026-07-09,42.78,30209330
2026-07-10,42.42,29281105
2026-07-13,42.29,25400873
2026-07-14,41.29,51453362
2026-07-15,41.61,18175851
2026-07-16,41.59,14835923
2026-07-17,42.57,53088057
2026-07-20,43.3,27219942
2026-07-21,44.42,30074985
2026-07-22,44.62,36396644
2026-07-23,45.36,48378445
2026-07-24,45.99,29808051
