experiment_id	run_tag	candidate_family	status	decision	relative_mae	relative_rmse	worst_fold_rmse_ratio	peak_vram_mb	training_seconds	recorded_at
exp_1785773028619	smoke	persistence	success	discard	1.0	1.0	1.0	0	2.11326003074646	2026-08-03T16:03:48.619634+00:00
exp_1785773044672	run1	persistence	success	discard	1.0	1.0	1.0	0	2.1138837337493896	2026-08-03T16:04:04.672529+00:00
exp_1785773046836	run1	ridge	success	discard	0.9764428771488813	0.9811532119833465	1.133509601903264	0	2.113467216491699	2026-08-03T16:04:06.836178+00:00
exp_1785773048999	run1	elastic_net	success	discard	0.9967113860444583	0.9769031421459765	1.1043550439953422	0	2.1126585006713867	2026-08-03T16:04:08.999006+00:00
exp_1785773052171	run1	compact_mlp	success	discard	2046931.803198042	11457608.662434759	265069115.02688554	0	3.1153335571289062	2026-08-03T16:04:12.171525+00:00
exp_1785773054835	run1	dlinear	success	discard	1.8408750448774092	1.8562500999232925	1.95168807025459	0	2.616602897644043	2026-08-03T16:04:14.835964+00:00
exp_1785773056994	run1	small_tcn	success	discard	0.9904008432617069	0.9887086736490931	1.1327476158843794	0	2.113804340362549	2026-08-03T16:04:16.994829+00:00
exp_1785773065526	dev_run	ridge	success	discard	1.0769340173028341	1.0247920990811774	1.2659365161161877	0	2.0140750408172607	2026-08-03T16:04:25.526562+00:00
exp_1785773119580	dev_run	ridge	crash	discard				0	0.0	2026-08-03T16:05:19.580064+00:00
